cd,nm,gb
A060310,3S,701
A095570,AJ네트웍스,701
A006840,AK홀딩스,701
A054620,APS홀딩스,701
A265520,AP시스템,701
A211270,AP위성,701
A027410,BGF,701
A282330,BGF리테일,701
A032790,BNGT,701
A138930,BNK금융지주,701
A001460,BYC,701
A013720,CBI,701
A001040,CJ,701
A079160,CJ CGV,701
A035760,CJ ENM,701
A311690,CJ 바이오사이언스,701
A000120,CJ대한통운,701
A011150,CJ씨푸드,701
A097950,CJ제일제당,701
A051500,CJ프레시웨이,701
A058820,CMG제약,701
A023460,CNH,701
A056730,CNT85,701
A056000,COWON,701
A065770,CS,701
A083660,CSA 코스믹,701
A000590,CS홀딩스,701
A012030,DB,701
A404950,DB금융스팩10호,701
A367340,DB금융스팩8호,701
A367360,DB금융스팩9호,701
A016610,DB금융투자,701
A005830,DB손해보험,701
A000990,DB하이텍,701
A139130,DGB금융지주,701
A001530,DI동일,701
A000210,DL,701
A001880,DL건설,701
A375500,DL이앤씨,701
A068790,DMS,701
A004840,DRB동일,701
A241520,DSC인베스트먼트,701
A155660,DSR,701
A069730,DSR제강,701
A017940,E1,701
A245620,EDGC,701
A037370,EG,701
A278990,EMB,701
A079190,EMW,701
A050120,ES큐브,701
A383220,F&F,701
A007700,F&F홀딩스,701
A214270,FSN,701
A130500,GH신소재,701
A114090,GKL,701
A900290,GRT,701
A078930,GS,701
A083450,GST,701
A006360,GS건설,701
A001250,GS글로벌,701
A007070,GS리테일,701
A066400,HANATOURIST,701
A297890,HB솔루션,701
A078150,HB테크놀러지,701
A012630,HDC,701
A039570,HDC랩스,701
A089470,HDC현대EP,701
A294870,HDC현대산업개발,701
A097230,HJ중공업,701
A195940,HK이노엔,701
A134610,HK자산관리대부,701
A028300,HLB,701
A067630,HLB생명과학,701
A047920,HLB제약,701
A115450,HLB테라퓨틱스,701
A011200,HMM,701
A036640,HRS,701
A082740,HSD엔진,701
A335870,IBKS제12호스팩,701
A351340,IBKS제13호스팩,701
A388790,IBKS제16호스팩,701
A104770,IBK투자증권,701
A003560,IHQ,701
A095340,ISC,701
A099520,ITX-AI,701
A175330,JB금융지주,701
A950170,JTC,701
A234080,JW생명과학,701
A067290,JW신약,701
A001060,JW중외제약,701
A096760,JW홀딩스,701
A035900,JYP Ent.,701
A024840,KBI메탈,701
A143500,KBS미디어,701
A105560,KB금융,701
A024120,KB오토시스,701
A002380,KCC,701
A021320,KCC건설,701
A344820,KCC글라스,701
A036670,KCI,701
A009070,KCTC,701
A009440,KC그린홀딩스,701
A112190,KC산업,701
A119650,KC코트렐,701
A044180,KD,701
A092220,KEC,701
A151860,KG ETS,701
A016380,KG동부제철,701
A046440,KG모빌리언스,701
A035600,KG이니시스,701
A001390,KG케미칼,701
A226360,KH E&T,701
A111870,KH 일렉트론,701
A033180,KH 필룩스,701
A060720,KH바텍,701
A001940,KISCO홀딩스,701
A122450,KMH,701
A052900,KMH하이텍,701
A058400,KNN,701
A114450,KPX생명과학,701
A025000,KPX케미칼,701
A092230,KPX홀딩스,701
A000040,KR모터스,701
A044450,KSS해운,701
A030200,KT,701
A033780,KT&G,701
A030210,KTB투자증권,701
A058850,KTcs,701
A058860,KTis,701
A060370,KT서브마린,701
A093050,LF,701
A003550,LG,701
A034220,LG디스플레이,701
A051900,LG생활건강,701
A373220,LG에너지솔루션,701
A032640,LG유플러스,701
A011070,LG이노텍,701
A066570,LG전자,701
A037560,LG헬로비전,701
A051910,LG화학,701
A079550,LIG넥스원,701
A006260,LS,701
A010120,LS ELECTRIC,701
A000680,LS네트웍스,701
A104230,LS전선,701
A229640,LS전선아시아,701
A108320,LX세미콘,701
A001120,LX인터내셔널,701
A108670,LX하우시스,701
A383800,LX홀딩스,701
A023150,MH에탄올,701
A035420,NAVER,701
A160550,NEW,701
A053290,NE능률,701
A181710,NHN,701
A104200,NHN벅스,701
A060250,NHN한국사이버결제,701
A005940,NH투자증권,701
A034310,NICE,701
A030190,NICE평가정보,701
A008260,NI스틸,701
A004250,NPC,701
A010060,OCI,701
A178920,PI첨단소재,701
A024940,PN풍년,701
A005490,POSCO,701
A218410,RFHIC,701
A327260,RF머트리얼즈,701
A091340,S&K폴리텍,701
A010950,S-Oil,701
A019550,SBI인베스트먼트,701
A950110,SBI핀테크솔루션즈,701
A034120,SBS,701
A046140,SBS콘텐츠허브,701
A036120,SCI평가정보,701
A099220,SDN,701
A036540,SFA반도체,701
A255220,SG,701
A040610,SG&G,701
A049470,SGA,701
A184230,SGA솔루션즈,701
A005090,SGC에너지,701
A016250,SGC이테크건설,701
A001380,SG글로벌,701
A004060,SG세계물산,701
A001970,SG신성건설,701
A001770,SHD,701
A002360,SH에너지화학,701
A009160,SIMPAC,701
A123700,SJM,701
A025530,SJM홀딩스,701
A034730,SK,701
A337450,SK5호스팩,701
A340350,SK6호스팩,701
A011790,SKC,701
A018670,SK가스,701
A001740,SK네트웍스,701
A006120,SK디스커버리,701
A210980,SK디앤디,701
A068400,SK렌터카,701
A302440,SK바이오사이언스,701
A326030,SK바이오팜,701
A402340,SK스퀘어,701
A361610,SK아이이테크놀로지,701
A003340,SK에코플랜트,701
A096770,SK이노베이션,701
A001510,SK증권,701
A285130,SK케미칼,701
A017670,SK텔레콤,701
A000660,SK하이닉스,701
A048550,SM C&C,701
A063440,SM Life Design,701
A950180,SNK,701
A064960,SNT모티브,701
A100840,SNT에너지,701
A003570,SNT중공업,701
A036530,SNT홀딩스,701
A005610,SPC삼립,701
A011810,STX,701
A077970,STX엔진,701
A071970,STX중공업,701
A002820,SUN&L,701
A289080,SV인베스트먼트,701
A084870,TBH글로벌,701
A002710,TCC스틸,701
A089230,THE E&M,701
A161570,THE MIDONG,701
A192410,THQ,701
A032540,TJ미디어,701
A048770,TPC,701
A246690,TS인베스트먼트,701
A317240,TS트릴리온,701
A002900,TYM,701
A038340,UCI,701
A073570,WI,701
A024070,WISCOM,701
A057030,YBM넷,701
A037270,YG PLUS,701
A040300,YTN,701
A051390,YW,701
A052220,iMBC,701
A079940,가비아,701
A078890,가온미디어,701
A000500,가온전선,701
A036620,감성코퍼레이션,701
A000860,강남제비스코,701
A217730,강스템바이오텍,701
A035250,강원랜드,701
A114190,강원에너지,701
A094480,갤럭시아머니트리,701
A011420,갤럭시아에스엠,701
A000800,경남기업,701
A039240,경남스틸,701
A053950,경남제약,701
A002100,경농,701
A009450,경동나비엔,701
A267290,경동도시가스,701
A012320,경동인베스트,701
A011040,경동제약,701
A000050,경방,701
A214390,경보제약,701
A012610,경인양행,701
A009140,경인전자,701
A024910,경창산업,701
A013580,계룡건설,701
A012200,계양전기,701
A002140,고려산업,701
A198440,고려시멘트,701
A049720,고려신용정보,701
A010130,고려아연,701
A002240,고려제강,701
A014570,고려제약,701
A348150,고바이오랩,701
A098460,고영,701
A035290,골드앤에스,701
A038530,골드퍼시픽,701
A123900,골든블루,701
A900280,골든센츄리,701
A215000,골프존,701
A121440,골프존뉴딘홀딩스,701
A183410,골프존데카,701
A068750,곰앤컴퍼니,701
A076340,관악산업,701
A009290,광동제약,701
A014200,광림,701
A017040,광명전기,701
A017900,광전자,701
A037710,광주신세계,701
A026910,광진실업,701
A355150,교보10호스팩,701
A397880,교보11호스팩,701
A331520,교보9호스팩,701
A030610,교보증권,701
A201150,교육혁명,701
A339770,교촌에프앤비,701
A053270,구영테크,701
A007690,국도화학,701
A005320,국동,701
A001140,국보,701
A066620,국보디자인,701
A043650,국순당,701
A006050,국영지앤엠,701
A060480,국일신동,701
A078130,국일제지,701
A307750,국전약품,701
A002720,국제약품,701
A243870,굿센,701
A204020,그리티,701
A083420,그린케미칼,701
A186230,그린플러스,701
A014530,극동유화,701
A900070,글로벌에스엠,701
A204620,글로벌텍스프리,701
A019660,글로본,701
A014280,금강공업,701
A053260,금강철강,701
A008870,금비,701
A001570,금양,701
A002990,금호건설,701
A011780,금호석유,701
A214330,금호에이치티,701
A001210,금호전기,701
A073240,금호타이어,701
A036190,금화피에스시,701
A049080,기가레인,701
A035460,기산텔레콤,701
A092440,기신정기,701
A000270,기아,701
A024110,기업은행,701
A013700,까뮤이앤씨,701
A308100,까스텔바작,701
A004540,깨끗한나라,701
A237010,끄렘드라끄렘,701
A187790,나노,701
A286750,나노브릭,701
A151910,나노스,701
A121600,나노신소재,701
A247660,나노씨엠에스,701
A039860,나노엔텍,701
A091970,나노캠텍,701
A244880,나눔테크,701
A288490,나라소프트,701
A051490,나라엠앤디,701
A137080,나래나노텍,701
A190510,나무가,701
A242040,나무기술,701
A089600,나스미디어,701
A293580,나우IB,701
A257990,나우코스,701
A138610,나이벡,701
A130580,나이스디앤비,701
A036800,나이스정보통신,701
A267320,나인테크,701
A001260,남광토건,701
A008350,남선알미늄,701
A004270,남성,701
A003920,남양유업,701
A025860,남해화학,701
A111710,남화산업,701
A091590,남화토건,701
A079180,내일신문,701
A168330,내츄럴엔도텍,701
A094860,네오리진,701
A253590,네오셈,701
A212560,네오오토,701
A095660,네오위즈,701
A042420,네오위즈홀딩스,701
A950220,네오이뮨텍(Reg.S),701
A311390,네오크레마,701
A085910,네오티스,701
A092730,네오팜,701
A290660,네오펙트,701
A306620,네온테크,701
A153460,네이블,701
A007390,네이처셀,701
A086220,네추럴FNP,701
A033640,네패스,701
A330860,네패스아크,701
A005720,넥센,701
A002350,넥센타이어,701
A089140,넥스턴바이오,701
A065170,넥스트BT,701
A003580,넥스트사이언스,701
A137940,넥스트아이,701
A348210,넥스틴,701
A041140,넥슨지티,701
A217270,넵튠,701
A225570,넷게임즈,701
A251270,넷마블,701
A298420,넷마블네오,701
A317860,노드메이슨,701
A104620,노랑풍선,701
A090350,노루페인트,701
A000320,노루홀딩스,701
A194700,노바렉스,701
A285490,노바텍,701
A229500,노브메타파마,701
A376930,노을,701
A278650,노터스,701
A006280,녹십자,701
A142280,녹십자엠에스,701
A234690,녹십자웰빙,701
A005250,녹십자홀딩스,701
A065560,녹원씨엔아이,701
A004370,농심,701
A072710,농심홀딩스,701
A054050,농우바이오,701
A069140,누리플랜,701
A040160,누리플렉스,701
A126870,뉴로스,701
A060260,뉴보텍,701
A012340,뉴인텍,701
A074750,뉴젠팜,701
A227680,뉴젠홀딩스,701
A214870,뉴지랩파마,701
A270870,뉴트리,701
A144960,뉴파워프라즈마,701
A085670,뉴프렉스,701
A119860,다나와,701
A064260,다날,701
A093640,다믈멀티미디어,701
A340360,다보링크,701
A015150,다산,701
A039560,다산네트웍스,701
A058730,다스코,701
A023590,다우기술,701
A032190,다우데이타,701
A323350,다원넥스뷰,701
A068240,다원시스,701
A145210,다이나믹디자인,701
A271850,다이오진,701
A009280,다함이텍,701
A343090,단디바이오,701
A019680,대교,701
A006370,대구백화점,701
A008060,대덕,701
A353200,대덕전자,701
A000490,대동,701
A178600,대동고려삼,701
A020400,대동금속,701
A008830,대동기어,701
A012350,대동모빌리티,701
A048470,대동스틸,701
A008110,대동전자,701
A004780,대륙제관,701
A005750,대림B&Co,701
A017650,대림제지,701
A006570,대림통상,701
A007720,대명소노시즌,701
A389260,대명에너지,701
A317850,대모,701
A026970,대백저축은행,701
A290670,대보마그네틱,701
A078140,대봉엘에스,701
A001680,대상,701
A084690,대상홀딩스,701
A036480,대성미생물,701
A128820,대성산업,701
A117580,대성에너지,701
A025440,대성엘텍,701
A027830,대성창투,701
A104040,대성파인텍,701
A016710,대성홀딩스,701
A387310,대신밸런스제10호스팩,701
A397500,대신밸런스제11호스팩,701
A332290,대신밸런스제7호스팩,701
A336570,대신밸런스제8호스팩,701
A020180,대신정보통신,701
A003540,대신증권,701
A045390,대아티아이,701
A009190,대양금속,701
A108380,대양전기공업,701
A006580,대양제지,701
A252980,대영씨엔이,701
A014160,대영포장,701
A047040,대우건설,701
A009320,대우부품,701
A140320,대우산업개발,701
A042660,대우조선해양,701
A003090,대웅,701
A069620,대웅제약,701
A007680,대원,701
A000430,대원강업,701
A048910,대원미디어,701
A005710,대원산업,701
A006340,대원전선,701
A003220,대원제약,701
A024890,대원화성,701
A290380,대유,701
A002880,대유에이텍,701
A290120,대유에이피,701
A000300,대유플러스,701
A120240,대정화금,701
A003310,대주산업,701
A114920,대주이엔티,701
A078600,대주전자재료,701
A008340,대주코레스,701
A012800,대창,701
A015230,대창단조,701
A096350,대창솔루션,701
A140520,대창스틸,701
A131220,대한과학,701
A010170,대한광통신,701
A060900,대한그린파워,701
A054670,대한뉴팜,701
A001070,대한방직,701
A023910,대한약품,701
A006650,대한유화,701
A001440,대한전선,701
A084010,대한제강,701
A001790,대한제당,701
A001130,대한제분,701
A003490,대한항공,701
A005880,대한해운,701
A003830,대한화섬,701
A016090,대현,701
A069460,대호에이엘,701
A021040,대호특수강,701
A067080,대화제약,701
A298540,더네이쳐홀딩스,701
A192080,더블유게임즈,701
A299170,더블유에스아이,701
A065310,더스텔라,701
A012510,더존비즈온,701
A072700,더존홀딩스,701
A302920,더콘텐츠온,701
A213420,덕산네오룩스,701
A317330,덕산테코피아,701
A077360,덕산하이메탈,701
A004830,덕성,701
A090410,덕신하우징,701
A024900,덕양산업,701
A263600,덕우전자,701
A194480,데브시스터즈,701
A348840,데이드림엔터,701
A263800,데이타솔루션,701
A199150,데이터스트림즈,701
A206560,덱스터,701
A261200,덴티스,701
A145720,덴티움,701
A227420,도부마스크,701
A067990,도이치모터스,701
A002150,도화엔지니어링,701
A006620,동구바이오제약,701
A100130,동국S&C,701
A005160,동국산업,701
A075970,동국알앤에스,701
A001230,동국제강,701
A086450,동국제약,701
A023450,동남합성,701
A222070,동명스틸,701
A004140,동방,701
A099410,동방선기,701
A007590,동방아그로,701
A005960,동부건설,701
A026960,동서,701
A002210,동성제약,701
A102260,동성케미컬,701
A033500,동성화인텍,701
A025950,동신건설,701
A012760,동아,701
A000640,동아쏘시오홀딩스,701
A170900,동아에스티,701
A088130,동아엘텍,701
A028100,동아지질,701
A282690,동아타이어,701
A041930,동아화성,701
A001520,동양,701
A005900,동양건설산업,701
A084670,동양고속,701
A082640,동양생명,701
A060380,동양에스텍,701
A079960,동양이엔피,701
A008970,동양철관,701
A228340,동양파일,701
A092780,동양피스톤,701
A105700,동우당제약,701
A088910,동우팜투테이블,701
A094170,동운아나텍,701
A049770,동원F&B,701
A013120,동원개발,701
A018500,동원금속,701
A006040,동원산업,701
A030720,동원수산,701
A014820,동원시스템즈,701
A163560,동일고무벨트,701
A109860,동일금속,701
A032960,동일기연,701
A004890,동일산업,701
A002690,동일제강,701
A023790,동일철강,701
A026710,동진건설,701
A005290,동진쎄미켐,701
A025900,동화기업,701
A000020,동화약품,701
A136790,동화일렉트로라이트,701
A000150,두산,701
A241560,두산밥캣,701
A034020,두산중공업,701
A336260,두산퓨얼셀,701
A016740,두올,701
A118970,두올물산,701
A013900,두원중공업,701
A073190,듀오백,701
A176750,듀켐바이오,701
A030350,드래곤플라이,701
A035430,드림라인,701
A203650,드림시큐리티,701
A223250,드림씨아이에스,701
A060570,드림어스컴퍼니,701
A043500,드림텍,701
A192650,드림텍,701
A217620,디딤,701
A187870,디바이스이엔지,701
A101910,디비메탈,701
A066670,디스플레이텍,701
A024090,디씨엠,701
A003160,디아이,701
A092200,디아이씨,701
A110990,디아이티,701
A078590,디아크,701
A263690,디알젬,701
A214680,디알텍,701
A263720,디앤씨미디어,701
A376300,디어유,701
A109740,디에스케이,701
A131030,디에이치피코리아,701
A196490,디에이테크놀로지,701
A066900,디에이피,701
A180400,디엑스앤브이엑스,701
A127120,디엔에이링크,701
A092070,디엔에프,701
A039840,디오,701
A013570,디와이,701
A219550,디와이디,701
A310870,디와이씨,701
A210540,디와이파워,701
A104460,디와이피엔에프,701
A079810,디이엔티,701
A113810,디젠스,701
A043360,디지아이,701
A197140,디지캡,701
A106520,디지탈옵틱,701
A068930,디지털대성,701
A033130,디지틀조선,701
A105740,디케이락,701
A263020,디케이앤디,701
A290550,디케이티,701
A007340,디티알오토모티브,701
A187220,디티앤씨,701
A163430,디피코,701
A131180,딜리,701
A315640,딥노이드,701
A317120,라닉스,701
A042510,라온시큐어,701
A232680,라온테크,701
A300120,라온피플,701
A171120,라이온켐텍,701
A069540,라이트론,701
A285770,라이프사이언스테크놀로지,701
A347700,라이프시맨틱스,701
A214260,라파스,701
A115390,락앤락,701
A200350,래몽래인,701
A171010,램테크놀러지,701
A084650,랩지노믹스,701
A366130,랩토,701
A217500,러셀,701
A092590,럭스피아,701
A141080,레고켐바이오,701
A060300,레드로버,701
A038390,레드캡투어,701
A294140,레몬,701
A228670,레이,701
A228850,레이언스,701
A281740,레이크머티리얼즈,701
A277810,레인보우로보틱스,701
A179720,렌딩머신,701
A387530,로드,701
A215100,로보로보,701
A090360,로보스타,701
A238500,로보쓰리,701
A108490,로보티즈,701
A900260,로스웰,701
A223220,로지스몬,701
A067730,로지시스,701
A071280,로체시스템즈,701
A032350,롯데관광개발,701
A040830,롯데글로벌로지스,701
A089860,롯데렌탈,701
A000400,롯데손해보험,701
A023530,롯데쇼핑,701
A004000,롯데정밀화학,701
A286940,롯데정보통신,701
A280360,롯데제과,701
A004990,롯데지주,701
A005300,롯데칠성,701
A011170,롯데케미칼,701
A002270,롯데푸드,701
A071840,롯데하이마트,701
A038060,루멘스,701
A162120,루켄테크놀러지스,701
A253610,루트락,701
A085370,루트로닉,701
A060240,룽투코리아,701
A058470,리노공업,701
A039980,리노스,701
A019570,리더스 기술투자,701
A016100,리더스코스메틱,701
A328270,리독스바이오,701
A012700,리드코프,701
A302550,리메드,701
A377450,리파인,701
A029480,릭스솔루션,701
A277070,린드먼아시아,701
A042500,링네트,701
A219420,링크제니시스,701
A027740,마니커,701
A195500,마니커에프앤지,701
A050480,마이다스IT,701
A222810,마이더스AI,701
A316640,마이지놈박스,701
A305090,마이크로디지탈,701
A098120,마이크로컨텍솔,701
A147760,마이크로프랜드,701
A377480,마인즈랩,701
A038290,마크로젠,701
A204320,만도,701
A001080,만호제강,701
A220630,맘스터치,701
A078060,매일방송,701
A267980,매일유업,701
A005990,매일홀딩스,701
A127160,매직마이크로,701
A093520,매커스,701
A377030,맥스트,701
A100590,머큐리,701
A067280,멀티캠퍼스,701
A072870,메가스터디,701
A215200,메가스터디교육,701
A133750,메가엠디,701
A102600,메가젠임플란트,701
A235980,메드팩토,701
A200580,메디쎄이,701
A041920,메디아나,701
A233250,메디안디노스틱,701
A014100,메디앙스,701
A236340,메디젠휴먼케어,701
A054180,메디콕스,701
A086900,메디톡스,701
A250900,메디포럼,701
A078160,메디포스트,701
A065650,메디프론,701
A138040,메리츠금융지주,701
A008560,메리츠증권,701
A000060,메리츠화재,701
A021880,메이슨캐피탈,701
A140410,메지온,701
A241770,메카로,701
A090370,메타랩스,701
A059210,메타바이오메드,701
A058110,멕아이씨에스,701
A096640,멜파스,701
A017180,명문제약,701
A257370,명성티엔에스,701
A009900,명신산업,701
A267060,명진홀딩스,701
A012690,모나리자,701
A005360,모나미,701
A080420,모다이노칩,701
A080160,모두투어,701
A100030,모바일리더,701
A087260,모바일어플라이언스,701
A101330,모베이스,701
A012860,모베이스전자,701
A348030,모비릭스,701
A250060,모비스,701
A033200,모아텍,701
A009680,모토닉,701
A118990,모트렉스,701
A006920,모헨즈,701
A009580,무림P&P,701
A001810,무림SP,701
A009200,무림페이퍼,701
A322970,무진메디,701
A033920,무학,701
A008420,문배철강,701
A279600,미디어젠,701
A080640,미라콤아이앤씨,701
A095500,미래나노텍,701
A025560,미래산업,701
A218150,미래생명자원,701
A007120,미래아이앤지,701
A353490,미래에셋대우스팩 5호,701
A328380,미래에셋대우스팩3호,701
A100790,미래에셋벤처투자,701
A412930,미래에셋비전스팩1호,701
A085620,미래에셋생명,701
A006800,미래에셋증권,701
A208890,미래엔에듀파트너,701
A049950,미래컴퍼니,701
A258000,미로,701
A207760,미스터블루,701
A225850,미애부,701
A002840,미원상사,701
A268280,미원에스씨,701
A107590,미원홀딩스,701
A134380,미원화학,701
A003650,미창석유,701
A059090,미코,701
A214610,미코바이오메드,701
A201490,미투온,701
A950190,미투젠,701
A214180,민앤지,701
A206640,바디텍메드,701
A018700,바른손,701
A035620,바른손이앤에이,701
A064520,바른전자,701
A053030,바이넥스,701
A301300,바이브컴퍼니,701
A064550,바이오니아,701
A314930,바이오다인,701
A208710,바이오로그디바이스,701
A142760,바이오리더스,701
A086820,바이오솔루션,701
A038460,바이오스마트,701
A298210,바이오스펙트럼,701
A281310,바이오시네틱스,701
A251120,바이오에프디엔씨,701
A266470,바이오인프라생명과학,701
A086040,바이오톡스텍,701
A199290,바이오프로테크,701
A099430,바이오플러스,701
A032980,바이온,701
A222160,바이옵트로,701
A308080,바이젠셀,701
A043150,바텍,701
A323990,박셀바이오,701
A003610,방림,701
A267790,배럴,701
A001340,백광산업,701
A046310,백금T&A,701
A035150,백산,701
A066410,버킷스튜디오,701
A002410,범양건영,701
A002480,범양사,701
A206400,베노홀딩스,701
A019010,베뉴지,701
A322190,베른,701
A177350,베셀,701
A299910,베스파,701
A007210,벽산,701
A225530,보광산업,701
A250000,보라티알,701
A002760,보락,701
A003850,보령제약,701
A006910,보성파워텍,701
A000890,보해양조,701
A226340,본느,701
A206950,볼빅,701
A003000,부광약품,701
A001270,부국증권,701
A026940,부국철강,701
A014470,부방,701
A011390,부산산업,701
A005030,부산주공,701
A008470,부스타,701
A228350,불스원,701
A338220,뷰노,701
A100120,뷰웍스,701
A337930,브랜드엑스코퍼레이션,701
A099390,브레인즈컴퍼니,701
A064480,브리지텍,701
A288330,브릿지바이오테라퓨틱스,701
A365900,브이씨,701
A251630,브이원텍,701
A018290,브이티지엠피,701
A396700,블록썸,701
A044480,블루베리 NFT,701
A033560,블루콤,701
A191600,블루탑,701
A369370,블리츠웨이,701
A126340,비나텍,701
A121800,비덴트,701
A148140,비디아이,701
A276620,비보존,701
A082800,비보존 헬스케어,701
A318410,비비씨,701
A002070,비비안,701
A100220,비상교육,701
A200780,비씨월드제약,701
A141000,비아트론,701
A090460,비에이치,701
A083650,비에이치아이,701
A215050,비엔디생활건강,701
A086670,비엠티,701
A335890,비올,701
A138580,비즈니스온,701
A082920,비츠로셀,701
A054220,비츠로시스,701
A042370,비츠로테크,701
A030790,비케이탑스,701
A307870,비투엔,701
A357880,비트나인,701
A066870,비트로시스,701
A032850,비트컴퓨터,701
A148780,비플라이소프트,701
A238200,비피도,701
A093190,빅솔론,701
A065450,빅텍,701
A210120,빅텐츠,701
A005180,빙그레,701
A072950,빛샘전자,701
A266170,뿌리깊은나무들,701
A143240,사람인에이치알,701
A280140,사우스케이프,701
A274460,사운드백신,701
A003960,사조대림,701
A008040,사조동아원,701
A007160,사조산업,701
A014710,사조씨푸드,701
A006090,사조오양,701
A168570,산타크루즈,701
A100090,삼강엠앤티,701
A122350,삼기,701
A014970,삼륭물산,701
A018310,삼목에스폼,701
A002580,삼미,701
A053700,삼보모터스,701
A009620,삼보산업,701
A070080,삼보오토,701
A161990,삼보컴퓨터,701
A023600,삼보판지,701
A001470,삼부토건,701
A006400,삼성SDI,701
A006660,삼성공조,701
A380320,삼성머스트스팩5호,701
A018360,삼성메디슨,701
A028260,삼성물산,701
A207940,삼성바이오로직스,701
A032830,삼성생명,701
A377630,삼성스팩4호,701
A018260,삼성에스디에스,701
A028050,삼성엔지니어링,701
A009150,삼성전기,701
A005930,삼성전자,701
A001360,삼성제약,701
A010140,삼성중공업,701
A016360,삼성증권,701
A068290,삼성출판사,701
A029780,삼성카드,701
A000810,삼성화재,701
A006110,삼아알미늄,701
A009300,삼아제약,701
A145990,삼양사,701
A003230,삼양식품,701
A225190,삼양옵틱스,701
A002170,삼양통상,701
A272550,삼양패키징,701
A000070,삼양홀딩스,701
A002810,삼영무역,701
A361670,삼영에스앤씨,701
A054540,삼영엠텍,701
A065570,삼영이엔씨,701
A005680,삼영전자,701
A003720,삼영화학,701
A023000,삼원강재,701
A004380,삼익THK,701
A002450,삼익악기,701
A032280,삼일,701
A002290,삼일기업공사,701
A004440,삼일씨엔에스,701
A000520,삼일제약,701
A009770,삼정펄프,701
A066190,삼중테크,701
A037460,삼지전자,701
A032750,삼진,701
A054090,삼진엘앤디,701
A005500,삼진제약,701
A000250,삼천당제약,701
A004690,삼천리,701
A024950,삼천리자전거,701
A038500,삼표시멘트,701
A017480,삼현철강,701
A010960,삼호개발,701
A046390,삼화네트웍스,701
A004450,삼화왕관,701
A009470,삼화전기,701
A011230,삼화전자,701
A001820,삼화콘덴서,701
A000390,삼화페인트,701
A027580,상보,701
A038540,상상인,701
A329560,상상인이안제2호스팩,701
A101000,상상인인더스트리,701
A001290,상상인증권,701
A041650,상신브레이크,701
A091580,상신이디피,701
A263810,상신전자,701
A089980,상아프론테크,701
A042940,상지카일룸,701
A042600,새로닉스,701
A075180,새론오토모티브,701
A252990,샘씨엔에스,701
A263540,샘코,701
A007540,샘표,701
A248170,샘표식품,701
A003260,서광,701
A294630,서남,701
A038070,서린바이오,701
A006730,서부T&D,701
A079650,서산,701
A100660,서암기계공업,701
A007860,서연,701
A200880,서연이화,701
A019770,서연탑메탈,701
A017390,서울가스,701
A279000,서울개인택시복지법인,701
A043710,서울리거,701
A092190,서울바이오시스,701
A046890,서울반도체,701
A004410,서울식품,701
A063170,서울옥션,701
A027040,서울전자통신,701
A018680,서울제약,701
A021050,서원,701
A093920,서원인텍,701
A189860,서전기전,701
A178320,서진시스템,701
A122690,서진오토모티브,701
A140070,서플러스글로벌,701
A011370,서한,701
A065710,서호전기,701
A008490,서흥,701
A035890,서희건설,701
A357550,석경에이티,701
A003100,선광,701
A123420,선데이토즈,701
A007610,선도전기,701
A067370,선바이오,701
A171090,선익시스템,701
A136490,선진,701
A086710,선진뷰티사이언스,701
A014620,성광벤드,701
A037350,성도이엔지,701
A014910,성문전자,701
A003080,성보화학,701
A004980,성신양회,701
A011300,성안,701
A081580,성우전자,701
A045300,성우테크론,701
A015750,성우하이텍,701
A015200,성원,701
A000180,성창기업지주,701
A080470,성창오토텍,701
A043260,성호전자,701
A148150,세경하이테크,701
A002420,세기상사,701
A053060,세동,701
A340440,세림B&G,701
A042380,세메스,701
A017510,세명전기,701
A004360,세방,701
A004490,세방전지,701
A011560,세보엠이씨,701
A001430,세아베스틸,701
A306200,세아제강,701
A003030,세아제강지주,701
A019440,세아특수강,701
A058650,세아홀딩스,701
A052190,세영디앤씨,701
A013000,세우글로벌,701
A100700,세운메디칼,701
A234100,세원,701
A024830,세원물산,701
A091090,세원이앤씨,701
A021820,세원정공,701
A067830,세이브존I&C,701
A033530,세종공업,701
A258830,세종메디칼,701
A036630,세종텔레콤,701
A039310,세중,701
A075580,세진중공업,701
A067770,세진티에스,701
A053450,세코닉스,701
A234340,세틀뱅크,701
A027970,세하,701
A252500,세화피앤씨,701
A347000,센코,701
A300090,센코어테크,701
A308170,센트랄모텍,701
A012600,센트럴인사이트,701
A331920,셀레믹스,701
A049180,셀루메드,701
A299660,셀리드,701
A268600,셀리버리,701
A108860,셀바스AI,701
A208370,셀바스헬스케어,701
A179690,셀인바이오,701
A258250,셀젠텍,701
A068270,셀트리온,701
A068760,셀트리온제약,701
A091990,셀트리온헬스케어,701
A290690,소룩스,701
A053110,소리바다,701
A950200,소마젠,701
A032680,소프트센,701
A258790,소프트캠프,701
A066910,손오공,701
A043100,솔고바이오,701
A336370,솔루스첨단소재,701
A154040,솔루에타,701
A248070,솔루엠,701
A035610,솔본,701
A357780,솔브레인,701
A036830,솔브레인홀딩스,701
A304100,솔트룩스,701
A004430,송원산업,701
A086980,쇼박스,701
A050960,수산아이앤티,701
A017550,수산중공업,701
A084180,수성이노베이션,701
A253840,수젠텍,701
A185190,수프로,701
A236200,슈프리마,701
A317770,슈프리마아이디,701
A094840,슈프리마에이치큐,701
A192440,슈피겐코리아,701
A268030,스마트골프,701
A099440,스맥,701
A053210,스카이라이프,701
A033790,스카이문스테크놀로지,701
A131100,스카이이앤엠,701
A276040,스코넥,701
A159910,스킨앤스킨,701
A115570,스타플렉스,701
A258540,스템랩,701
A330730,스톤브릿지벤처스,701
A253450,스튜디오드래곤,701
A204630,스튜디오산타클로스,701
A026890,스틱인베스트먼트,701
A013810,스페코,701
A227580,스포라이브,701
A039670,스포츠서울,701
A049830,승일,701
A020710,시공테크,701
A033170,시그네틱스,701
A260870,시그넷이브이,701
A048870,시너지이노베이션,701
A025320,시노펙스,701
A134790,시디즈,701
A269620,시스웍,701
A131090,시큐브,701
A232830,시큐센,701
A066290,시큐아이,701
A139050,시티랩스,701
A016590,신대양제지,701
A290520,신도기연,701
A029530,신도리코,701
A004970,신라교역,701
A001000,신라섬유,701
A025870,신라에스지,701
A215600,신라젠,701
A070480,신비앤텍,701
A065350,신성델타테크,701
A011930,신성이엔지,701
A005390,신성통상,701
A004170,신세계,701
A035510,신세계 I&C,701
A034300,신세계건설,701
A031430,신세계인터내셔날,701
A012580,신세계톰보이,701
A031440,신세계푸드,701
A006880,신송홀딩스,701
A002800,신신제약,701
A002470,신영건설,701
A323280,신영스팩5호,701
A344050,신영스팩6호,701
A005800,신영와코루,701
A001720,신영증권,701
A009270,신원,701
A017000,신원종합개발,701
A002700,신일전자,701
A012790,신일제약,701
A138070,신진에스엠,701
A226330,신테카바이오,701
A019170,신풍제약,701
A002870,신풍제지,701
A333050,신한제6호스팩,701
A366330,신한제7호스팩,701
A393360,신한제8호스팩,701
A055550,신한지주,701
A056700,신화인터텍,701
A187270,신화콘텍,701
A004080,신흥,701
A243840,신흥에스이씨,701
A376910,실력산업,701
A257720,실리콘투,701
A222800,심텍,701
A036710,심텍홀딩스,701
A160980,싸이맥스,701
A356890,싸이버원,701
A217330,싸이토젠,701
A102280,쌍방울,701
A003410,쌍용C&E,701
A010280,쌍용정보통신,701
A003620,쌍용차,701
A004770,써니전자,701
A217320,썬테크,701
A208640,썸에이지,701
A222420,쎄노텍,701
A037760,쎄니트,701
A099320,쎄트렉아이,701
A015540,쎌마테라퓨틱스,701
A049960,쎌바이오텍,701
A050890,쏠리드,701
A073960,씨브이네트,701
A066790,씨씨에스,701
A222080,씨아이에스,701
A004920,씨아이테크,701
A236030,씨알푸드,701
A103660,씨앗,701
A352480,씨앤씨인터내셔널,701
A245450,씨앤에스링크,701
A032040,씨앤에스자산관리,701
A264660,씨앤지하이테크,701
A352700,씨앤투스성진,701
A297090,씨에스베어링,701
A112610,씨에스윈드,701
A359090,씨엔알리서치,701
A286000,씨엔티드림,701
A115530,씨엔플러스,701
A037340,씨엘인터내셔널,701
A225330,씨엠에스에듀,701
A115480,씨유메디칼,701
A376290,씨유테크,701
A189330,씨이랩,701
A096530,씨젠,701
A900120,씨케이에이치,701
A101240,씨큐브,701
A060590,씨티씨바이오,701
A260930,씨티케이,701
A041710,씽크풀,701
A013990,아가방컴퍼니,701
A123860,아나패스,701
A025980,아난티,701
A008700,아남전자,701
A050320,아래스,701
A192230,아리바이오,701
A058220,아리온,701
A125210,아모그린텍,701
A002790,아모레G,701
A090430,아모레퍼시픽,701
A357580,아모센스,701
A052710,아모텍,701
A074430,아미노로직스,701
A092040,아미코젠,701
A083930,아바코,701
A149950,아바텍,701
A036010,아비코전자,701
A002030,아세아,701
A183190,아세아시멘트,701
A002310,아세아제지,701
A050860,아세아텍,701
A012170,아센디오,701
A136410,아셈스,701
A246720,아스타,701
A067390,아스트,701
A159010,아스플로,701
A127710,아시아경제,701
A267850,아시아나IDT,701
A020560,아시아나항공,701
A154030,아시아종묘,701
A227610,아우딘퓨쳐스,701
A143160,아이디스,701
A031690,아이디스파워텔,701
A054800,아이디스홀딩스,701
A332370,아이디피,701
A122900,아이마켓코리아,701
A339950,아이비김영,701
A405350,아이비케이에스제17호스팩,701
A099190,아이센스,701
A289010,아이스크림에듀,701
A214430,아이쓰리시스템,701
A040910,아이씨디,701
A068940,아이씨케이,701
A052860,아이앤씨,701
A010780,아이에스동서,701
A069920,아이에스이커머스,701
A038880,아이에이,701
A293290,아이엔오기술,701
A307180,아이엘사이언스,701
A101390,아이엠,701
A078860,아이오케이,701
A114810,아이원스,701
A323530,아이월드제약,701
A090150,아이윈,701
A031310,아이즈비전,701
A185490,아이진,701
A059100,아이컴포넌트,701
A149010,아이케이세미콘,701
A262840,아이퀘스트,701
A175250,아이큐어,701
A052460,아이크래프트,701
A119830,아이텍,701
A052770,아이톡시,701
A124500,아이티센,701
A372800,아이티아이즈,701
A084850,아이티엠반도체,701
A114840,아이패밀리에스씨,701
A027360,아주IB투자,701
A139990,아주스틸,701
A049410,아주엠씨엠,701
A032080,아즈텍WB,701
A013310,아진산업,701
A059120,아진엑스텍,701
A011400,아진카인텍,701
A158430,아톤,701
A149300,아퓨어스,701
A067160,아프리카TV,701
A102950,아하,701
A043720,안국바이오진단,701
A001540,안국약품,701
A053800,안랩,701
A251280,안지오랩,701
A065660,안트로젠,701
A297570,알로이스,701
A001780,알루코,701
A260660,알리코제약,701
A361570,알비더블유,701
A131370,알서포트,701
A140670,알에스오토메이션,701
A096610,알에프세미,701
A061040,알에프텍,701
A148250,알엔투테크놀로지,701
A347860,알체라,701
A196170,알테오젠,701
A123750,알톤스포츠,701
A085810,알티캐스트,701
A117670,알파홀딩스,701
A291650,압타머사이언스,701
A293780,압타바이오,701
A267810,앙츠,701
A018250,애경산업,701
A161000,애경케미칼,701
A196300,애니젠,701
A310200,애니플러스,701
A179530,애드바이오텍,701
A900100,애머릿지,701
A205500,액션스퀘어,701
A052790,액토즈소프트,701
A290740,액트로,701
A238090,앤디포스,701
A092600,앤씨앤,701
A129050,앤알커뮤니,701
A129890,앱코,701
A174900,앱클론,701
A255440,야스,701
A060230,얍엑스,701
A030960,양지사,701
A102120,어보브반도체,701
A238120,얼라인드,701
A224810,엄지하우스,701
A019990,에너토크,701
A011090,에넥스,701
A224850,에듀타운,701
A136510,에디슨EV,701
A270660,에브리봇,701
A038680,에스넷,701
A137310,에스디바이오센서,701
A217480,에스디생명공학,701
A121890,에스디시스템,701
A097780,에스맥,701
A042110,에스씨디,701
A298060,에스씨엠생명과학,701
A065420,에스아이리소스,701
A270210,에스알바이오텍,701
A103230,에스앤더블류,701
A260970,에스앤디,701
A101490,에스앤에스텍,701
A095910,에스에너지,701
A275630,에스에스알,701
A031330,에스에이엠티,701
A060540,에스에이티,701
A351320,에스에이티이엔지,701
A056190,에스에프에이,701
A080000,에스엔유,701
A086460,에스엔피제네틱스,701
A005850,에스엘,701
A214310,에스엘바이오닉스,701
A246250,에스엘에스바이오,701
A041510,에스엠,701
A299670,에스엠비나,701
A076710,에스엠상선,701
A007820,에스엠코어,701
A109610,에스와이,701
A012750,에스원,701
A306040,에스제이그룹,701
A217910,에스제이켐,701
A224020,에스케이씨에스,701
A408920,에스케이증권7호스팩,701
A096630,에스코넥,701
A114290,에스코어,701
A069510,에스텍,701
A041910,에스텍파마,701
A234300,에스트래픽,701
A039440,에스티아이,701
A098660,에스티오,701
A052020,에스티큐브,701
A237690,에스티팜,701
A050760,에스폴리텍,701
A288620,에스퓨얼셀,701
A036150,에스피반도체,701
A317830,에스피시스템스,701
A058610,에스피지,701
A043340,에쎈테크,701
A023960,에쓰씨엔지니어링,701
A037890,에어미디어,701
A298690,에어부산,701
A187660,에이디엠코리아,701
A054630,에이디칩스,701
A200710,에이디테크놀로지,701
A096690,에이루트,701
A078520,에이블씨엔씨,701
A298380,에이비엘바이오,701
A203400,에이비온,701
A195990,에이비프로바이오,701
A003800,에이스침대,701
A088800,에이스테크,701
A241840,에이스토리,701
A312610,에이에프더블류,701
A015260,에이엔피,701
A234070,에이원알폼,701
A001890,에이치디씨영창,701
A072990,에이치시티,701
A227100,에이치앤비디자인,701
A044990,에이치엔에스하이텍,701
A176440,에이치엔티,701
A043220,에이치엘비파워,701
A239610,에이치엘사이언스,701
A353070,에이치엠씨제4호스팩,701
A353060,에이치엠씨제5호스팩,701
A044780,에이치케이,701
A357230,에이치피오,701
A071670,에이테크솔루션,701
A045660,에이텍,701
A224110,에이텍티앤,701
A230980,에이트원,701
A021080,에이티넘인베스트,701
A089530,에이티세미콘,701
A200470,에이팩트,701
A207490,에이펙스인텍,701
A262260,에이프로,701
A109960,에이프로젠 H&G,701
A007460,에이프로젠 MED,701
A003060,에이프로젠제약,701
A141110,에이플러스라이프,701
A244920,에이플러스에셋,701
A089970,에이피티씨,701
A230240,에치에프알,701
A230360,에코마케팅,701
A038870,에코바이오,701
A128540,에코캡,701
A086520,에코프로,701
A247540,에코프로비엠,701
A383310,에코프로에이치엔,701
A038110,에코플라스틱,701
A073540,에프알텍,701
A064850,에프앤가이드,701
A064090,에프앤리퍼블릭,701
A036810,에프에스티,701
A173940,에프엔씨엔터,701
A083500,에프엔에스테크,701
A054940,엑사이엔씨,701
A950130,엑세스바이오,701
A205100,엑셈,701
A070300,엑스큐어,701
A092870,엑시콘,701
A261720,엑심베이,701
A317870,엔바이오니아,701
A067570,엔브이에이치코리아,701
A236810,엔비티,701
A140610,엔솔바이오사이언스,701
A333620,엔시스,701
A101400,엔시트론,701
A036570,엔씨소프트,701
A217820,엔에스,701
A138250,엔에스쇼핑,701
A031860,엔에스엔,701
A238170,엔에스엠,701
A224760,엔에스컴퍼니,701
A365590,엔에이치스팩18호,701
A380440,엔에이치스팩19호,701
A391060,엔에이치스팩20호,701
A391710,엔에이치스팩21호,701
A396770,엔에이치스팩22호,701
A265740,엔에프씨,701
A354200,엔젠바이오,701
A093510,엔지브이아이,701
A208860,엔지스테크널러지,701
A183490,엔지켐생명과학,701
A085310,엔케이,701
A182400,엔케이맥스,701
A348370,엔켐,701
A068420,엔터미디어,701
A069410,엔텔스,701
A227950,엔투텍,701
A291230,엔피,701
A198080,엔피디,701
A048830,엔피케이,701
A096870,엘디티,701
A276240,엘리비젼,701
A900140,엘브이엠씨홀딩스,701
A376190,엘비루셈,701
A061970,엘비세미콘,701
A138690,엘아이에스,701
A290650,엘앤씨바이오,701
A066970,엘앤에프,701
A156100,엘앤케이바이오,701
A190410,엘에스아이앤디,701
A311060,엘에이티,701
A073110,엘엠에스,701
A083310,엘오티베큠,701
A037950,엘컴텍,701
A011870,엘티삼보,701
A170920,엘티씨,701
A058630,엠게임,701
A058970,엠로,701
A019590,엠벤처투자,701
A169330,엠브레인,701
A008120,엠소닉,701
A097520,엠씨넥스,701
A179290,엠아이텍,701
A225860,엠앤씨생명과학,701
A009780,엠에스씨,701
A123040,엠에스오토텍,701
A323230,엠에프엠코리아,701
A046290,엠캐피탈,701
A033160,엠케이전자,701
A206300,엠텍비젼,701
A347890,엠투아이,701
A033310,엠투엔,701
A184560,엠파크홀딩스,701
A259630,엠플러스,701
A065150,엠피대산,701
A115960,연우,701
A090740,연이비앤티,701
A060850,영림원소프트랩,701
A014440,영보화학,701
A007530,영신금속,701
A143540,영우디에스피,701
A111770,영원무역,701
A009970,영원무역홀딩스,701
A003520,영진약품,701
A000670,영풍,701
A036560,영풍정밀,701
A006740,영풍제지,701
A012280,영화금속,701
A265560,영화테크,701
A012160,영흥,701
A036000,예림당,701
A250930,예선테크,701
A053280,예스24,701
A015360,예스코홀딩스,701
A122640,예스티,701
A403360,예스피치,701
A900300,오가닉티코스메틱,701
A045060,오공,701
A080520,오디텍,701
A007310,오뚜기,701
A039830,오로라,701
A322310,오로스테크놀로지,701
A046120,오르비텍,701
A014940,오리엔탈정공,701
A002630,오리엔트바이오,701
A038520,오리엔트전자,701
A065500,오리엔트정공,701
A271560,오리온,701
A001800,오리온홀딩스,701
A010470,오리콤,701
A352910,오비고,701
A053980,오상자이엘,701
A036220,오상헬스케어,701
A052420,오성첨단소재,701
A241790,오션브릿지,701
A329020,오션스톤,701
A039200,오스코텍,701
A226400,오스테오닉,701
A031510,오스템,701
A048260,오스템임플란트,701
A138080,오이솔루션,701
A080580,오킨스전자,701
A067170,오텍,701
A353590,오토앤,701
A173130,오파스넷,701
A049480,오픈베이스,701
A309930,오하임아이엔티,701
A244460,올리패스,701
A226950,올릭스,701
A057540,옴니시스템,701
A082210,옵트론텍,701
A109080,옵티시스,701
A153710,옵티팜,701
A321820,와이더플래닛,701
A114750,와이디생명과학,701
A122990,와이솔,701
A232140,와이아이케이,701
A065530,와이어블,701
A067900,와이엔텍,701
A155650,와이엠씨,701
A273640,와이엠텍,701
A251370,와이엠티,701
A066430,와이오엠,701
A193250,와이제이엠게임즈,701
A273060,와이즈버즈,701
A019210,와이지-원,701
A122870,와이지엔터테인먼트,701
A011690,와이투솔루션,701
A332570,와이팜,701
A079000,와토스코리아,701
A110030,완도전복,701
A070960,용평리조트,701
A316140,우리금융지주,701
A032820,우리기술,701
A041190,우리기술투자,701
A115440,우리넷,701
A118000,우리들휴브레인,701
A046970,우리로,701
A082850,우리바이오,701
A215360,우리산업,701
A072470,우리산업홀딩스,701
A073560,우리손에프앤지,701
A153490,우리이앤엘,701
A037400,우리조명,701
A010050,우리종금,701
A101170,우림피티에스,701
A006980,우성,701
A066590,우수AMS,701
A017370,우신시스템,701
A103840,우양,701
A101970,우양에이치씨,701
A046940,우원개발,701
A215380,우정바이오,701
A065680,우주일렉트로,701
A105840,우진,701
A018620,우진비앤지,701
A010400,우진아이엔에스,701
A049800,우진플라임,701
A016880,웅진,701
A095720,웅진씽크빅,701
A005820,원림,701
A307280,원바이오젠,701
A053080,원방테크,701
A032940,원익,701
A240810,원익IPS,701
A074600,원익QnC,701
A104830,원익머트리얼즈,701
A014190,원익큐브,701
A131390,원익피앤이,701
A030530,원익홀딩스,701
A012620,원일특강,701
A382840,원준,701
A216280,원텍,701
A376980,원티드랩,701
A122830,원포유,701
A008370,원풍,701
A008290,원풍물산,701
A101160,월덱스,701
A095270,웨이브일렉트로,701
A010600,웰바이오텍,701
A065950,웰크론,701
A076080,웰크론한텍,701
A196700,웹스,701
A069080,웹젠,701
A053580,웹케시,701
A071460,위니아딤채,701
A044340,위닉스,701
A330350,위더스제약,701
A348350,위드텍,701
A112040,위메이드,701
A101730,위메이드맥스,701
A065370,위세아이텍,701
A140660,위월드,701
A038620,위즈코프,701
A299900,위지윅스튜디오,701
A036090,위지트,701
A136540,윈스,701
A320000,윈텍,701
A097800,윈팩,701
A192390,윈하이텍,701
A313760,윌링스,701
A008600,윌비스,701
A900340,윙입푸드,701
A033270,유나이티드제약,701
A064510,유네코,701
A014830,유니드,701
A036200,유니셈,701
A018000,유니슨,701
A000910,유니온,701
A047400,유니온머티리얼,701
A203450,유니온커뮤니티,701
A011330,유니켐,701
A077500,유니퀘스트,701
A011320,유니크,701
A086390,유니테스트,701
A241690,유니테크노,701
A063180,유니텍,701
A142210,유니트론텍,701
A121060,유니포인트,701
A048430,유라테크,701
A206650,유바이오로직스,701
A089850,유비벨록스,701
A084440,유비온,701
A032620,유비케어,701
A264450,유비쿼스,701
A078070,유비쿼스홀딩스,701
A002920,유성기업,701
A024800,유성티엔에스,701
A000700,유수홀딩스,701
A054930,유신,701
A069330,유아이디,701
A049520,유아이엘,701
A336060,유안타제5호스팩,701
A367460,유안타제7호스팩,701
A367480,유안타제8호스팩,701
A003470,유안타증권,701
A056090,유앤아이,701
A263770,유에스티,701
A337840,유엑스엔,701
A072130,유엔젤,701
A000220,유유제약,701
A340930,유일에너테크,701
A023410,유진기업,701
A056080,유진로봇,701
A373340,유진스팩6호,701
A388800,유진스팩7호,701
A084370,유진테크,701
A001200,유진투자증권,701
A178780,유테크,701
A221800,유투바이오,701
A179900,유티아이,701
A263050,유틸렉스,701
A000100,유한양행,701
A003460,유화증권,701
A191410,육일씨엔에쓰,701
A008730,율촌화학,701
A072770,율호,701
A008250,이건산업,701
A039020,이건홀딩스,701
A025820,이구산업,701
A067920,이글루시큐리티,701
A044960,이글벳,701
A303530,이노뎁,701
A302430,이노메트리,701
A279060,이노벡스,701
A214320,이노션,701
A073490,이노와이어리스,701
A215790,이노인스트루먼트,701
A344860,이노진,701
A246960,이노테라피,701
A088390,이녹스,701
A272290,이녹스첨단소재,701
A053350,이니텍,701
A258610,이더블유케이,701
A041520,이라이콤,701
A264850,이랜시스,701
A054210,이랜텍,701
A164060,이루다,701
A065440,이루온,701
A139480,이마트,701
A010090,이마트에브리데이,701
A115610,이미지스,701
A349720,이베스트스팩5호,701
A323210,이베스트이안스팩1호,701
A078020,이베스트투자증권,701
A131400,이브이첨단소재,701
A208850,이비테크,701
A351330,이삭엔지니어링,701
A080010,이상네트웍스,701
A379390,이성씨엔아이,701
A086890,이수앱지스,701
A007660,이수페타시스,701
A005950,이수화학,701
A015020,이스타코,701
A047560,이스트소프트,701
A900110,이스트아시아홀딩스,701
A270020,이십일스토어,701
A067010,이씨에스,701
A093230,이아이디,701
A341310,이앤에치,701
A101360,이엔드디,701
A102710,이엔에프테크놀로지,701
A066980,이엔코퍼레이션,701
A074610,이엔플러스,701
A063760,이엘피,701
A123570,이엠넷,701
A083470,이엠앤아이,701
A095190,이엠코리아,701
A091120,이엠텍,701
A232530,이엠티,701
A102460,이연제약,701
A039030,이오테크닉스,701
A294090,이오플로우,701
A088290,이원컴포텍,701
A084680,이월드,701
A181340,이즈미디어,701
A353810,이지바이오,701
A099750,이지케어텍,701
A377330,이지트로닉스,701
A035810,이지홀딩스,701
A160600,이큐셀,701
A092130,이크레더블,701
A096040,이트론,701
A134060,이퓨쳐,701
A001840,이화공영,701
A000760,이화산업,701
A024810,이화전기,701
A381530,인동첨단소재,701
A014990,인디에프,701
A041830,인바디,701
A352940,인바이오,701
A101140,인바이오젠,701
A216400,인바이츠바이오코아,701
A079950,인베니아,701
A277410,인산가,701
A060150,인선이엔티,701
A033230,인성정보,701
A006490,인스코비,701
A037330,인지디스플레,701
A023800,인지컨트롤스,701
A034590,인천도시가스,701
A211050,인카금융서비스,701
A013090,인켈,701
A083640,인콘,701
A216050,인크로스,701
A049070,인탑스,701
A119610,인터로조,701
A017250,인터엠,701
A129260,인터지스,701
A240340,인터코스,701
A035080,인터파크,701
A051370,인터플렉스,701
A064290,인텍플러스,701
A189300,인텔리안테크,701
A150840,인트로메딕,701
A048530,인트론바이오,701
A023810,인팩,701
A175140,인포마크,701
A115310,인포바인,701
A039290,인포뱅크,701
A071200,인피니트헬스케어,701
A016670,인피니티엔티,701
A101930,인화정공,701
A249420,일동제약,701
A000230,일동홀딩스,701
A013360,일성건설,701
A003120,일성신약,701
A333430,일승,701
A068330,일신바이오,701
A003200,일신방직,701
A007110,일신석재,701
A058450,일야,701
A007570,일양약품,701
A008500,일정실업,701
A019540,일지테크,701
A081000,일진다이아,701
A020760,일진디스플,701
A020150,일진머티리얼즈,701
A103590,일진전기,701
A094820,일진파워,701
A271940,일진하이솔루스,701
A015860,일진홀딩스,701
A226320,잇츠한불,701
A950140,잉글우드랩,701
A049550,잉크테크,701
A254120,자비스,701
A043910,자연과환경,701
A234920,자이글,701
A289220,자이언트스텝,701
A317400,자이에스앤디,701
A140310,자일자동차,701
A033240,자화전자,701
A090120,잘만테크,701
A174880,장원테크,701
A049630,재영솔루텍,701
A000950,전방,701
A110020,전진바이오팜,701
A208140,정다운,701
A022220,정산애강,701
A040420,정상제이엘에스,701
A045510,정원엔시스,701
A217190,제너셈,701
A095700,제넥신,701
A072520,제넨바이오,701
A122310,제노레이,701
A361390,제노코,701
A066830,제노텍,701
A187420,제노포커스,701
A225220,제놀루션,701
A123330,제닉,701
A159580,제로투세븐,701
A147830,제룡산업,701
A033100,제룡전기,701
A079370,제우스,701
A054950,제이브이엠,701
A090470,제이스텍,701
A287410,제이시스메디칼,701
A137950,제이씨케미칼,701
A033320,제이씨현시스템,701
A104690,제이앤드,701
A204270,제이앤티씨,701
A194370,제이에스코퍼레이션,701
A026040,제이에스티나,701
A126880,제이엔케이히터,701
A322510,제이엘케이,701
A254160,제이엠멀티,701
A033050,제이엠아이,701
A094970,제이엠티,701
A058420,제이웨이,701
A025620,제이준코스메틱,701
A036420,제이콘텐트리,701
A089790,제이티,701
A030000,제일기획,701
A052670,제일바이오,701
A271980,제일약품,701
A001560,제일연마,701
A199820,제일전기공업,701
A023440,제일제강,701
A038010,제일테크노스,701
A002620,제일파마홀딩스,701
A033480,제주국제컨벤,701
A276730,제주맥주,701
A080220,제주반도체,701
A006220,제주은행,701
A089590,제주항공,701
A216080,제테마,701
A229000,젠큐릭스,701
A248020,젬,701
A082270,젬백스,701
A064800,젬백스링크,701
A041590,젬백스지오,701
A044060,조광ILI,701
A004910,조광페인트,701
A004700,조광피혁,701
A001550,조비,701
A000480,조선내화,701
A120030,조선선재,701
A034940,조아제약,701
A067000,조이시티,701
A065050,조인트리,701
A018470,조일알미늄,701
A002600,조흥,701
A185750,종근당,701
A063160,종근당바이오,701
A001630,종근당홀딩스,701
A033340,좋은사람들,701
A036930,주성엔지니어링,701
A044380,주연테크,701
A239340,줌인터넷,701
A051980,중앙디앤엠,701
A072020,중앙백신,701
A000440,중앙에너비스,701
A078650,지나인제약,701
A228760,지노믹트리,701
A314130,지놈앤컴퍼니,701
A013890,지누스,701
A389030,지니너스,701
A043610,지니뮤직,701
A263860,지니언스,701
A303030,지니틱스,701
A036180,지더블유바이텍,701
A208350,지란지교시큐리티,701
A114570,지스마트글로벌,701
A144510,지씨셀,701
A382480,지아이텍,701
A382800,지앤비에스엔지니어링,701
A299480,지앤이헬스케어,701
A051160,지어소프트,701
A037640,지에스엔텍,701
A166220,지에스엘,701
A053050,지에스이,701
A119850,지엔씨에너지,701
A270520,지엔원에너지,701
A065060,지엔코,701
A204840,지엘팜텍,701
A013870,지엠비코리아,701
A071320,지역난방공사,701
A135160,지오씨,701
A311320,지오엘리먼트,701
A010580,지코,701
A035000,지투알,701
A388050,지투파워,701
A219750,지티지웰니스,701
A088790,진도,701
A018120,진로발효,701
A109820,진매트릭스,701
A086060,진바이오텍,701
A036890,진성티이씨,701
A363250,진시스템,701
A003780,진양산업,701
A007370,진양제약,701
A010640,진양폴리,701
A100250,진양홀딩스,701
A051630,진양화학,701
A272450,진에어,701
A011000,진원생명과학,701
A250030,진코스텍,701
A002780,진흥기업,701
A233990,질경이,701
A085660,차바이오텍,701
A261780,차백신연구소,701
A009310,참엔지니어링,701
A158310,참존글로벌,701
A094850,참좋은여행,701
A004650,창해에탄올,701
A278280,천보,701
A000650,천일고속,701
A001490,천지산업,701
A140290,청광건설,701
A096240,청담러닝,701
A066360,체리부로,701
A033250,체시스,701
A047820,초록뱀미디어,701
A052300,초록뱀컴퍼니,701
A094360,칩스앤미디어,701
A016920,카스,701
A284620,카이노스메드,701
A035720,카카오,701
A293490,카카오게임즈,701
A323410,카카오뱅크,701
A377300,카카오페이,701
A042000,카페24,701
A006380,카프로,701
A317530,캐리소프트,701
A071850,캐스텍코리아,701
A050110,캠시스,701
A223310,커머스마이너,701
A109070,컨버즈,701
A900310,컬러레이,701
A078340,컴투스,701
A063080,컴투스홀딩스,701
A307930,컴퍼니케이,701
A263700,케어랩스,701
A327970,케어룸의료산업,701
A214370,케어젠,701
A087800,케이디비생명,701
A221980,케이디켐,701
A001620,케이비아이동국실업,701
A330990,케이비제19호스팩,701
A342550,케이비제20호스팩,701
A192250,케이사인,701
A029460,케이씨,701
A115500,케이씨에스,701
A281820,케이씨텍,701
A089150,케이씨티,701
A025880,케이씨피드,701
A093320,케이아이엔엑스,701
A040100,케이아이티,701
A049500,케이알투자증권,701
A073010,케이에스피,701
A105330,케이엔더블유,701
A272110,케이엔제이,701
A039420,케이엘넷,701
A083550,케이엠,701
A032500,케이엠더블유,701
A225430,케이엠제약,701
A102370,케이옥션,701
A381970,케이카,701
A298870,케이티비네트워크,701
A036030,케이티알파,701
A064820,케이프,701
A347140,케이프이에스제4호,701
A256940,케이피에스,701
A024880,케이피에프,701
A042040,케이피엠테크,701
A054410,케이피티유,701
A274090,켄코아에어로스페이스,701
A402420,켈스,701
A217600,켐온,701
A089010,켐트로닉스,701
A220260,켐트로스,701
A052400,코나아이,701
A046070,코다코,701
A047770,코데즈컴바인,701
A078940,코드네이처,701
A080530,코디,701
A224060,코디엠,701
A104540,코렌텍,701
A040470,코리아2000,701
A027050,코리아나,701
A020920,코리아로터리,701
A290510,코리아센터,701
A007810,코리아써키트,701
A190650,코리아에셋투자증권,701
A101670,코리아에스이,701
A123410,코리아에프티,701
A003690,코리안리,701
A036690,코맥스,701
A049430,코메론,701
A183300,코미코,701
A041960,코미팜,701
A089890,코세스,701
A009730,코센,701
A189350,코셋,701
A082660,코스나인,701
A192820,코스맥스,701
A044820,코스맥스비티아이,701
A222040,코스맥스엔비티,701
A241710,코스메카코리아,701
A005070,코스모신소재,701
A005420,코스모화학,701
A069110,코스온,701
A062760,코스텍시스,701
A169670,코스텍시스템,701
A094930,코스텔,701
A071950,코아스,701
A166480,코아스템,701
A045970,코아시아,701
A196450,코아시아옵틱스,701
A099620,코엔스,701
A029960,코엔텍,701
A002020,코오롱,701
A003070,코오롱글로벌,701
A102940,코오롱생명과학,701
A120110,코오롱인더,701
A950160,코오롱티슈진,701
A138490,코오롱플라스틱,701
A021240,코웨이,701
A033290,코웰패션,701
A056360,코위버,701
A282880,코윈테크,701
A121850,코이즈,701
A146930,코잇,701
A015710,코콤,701
A052330,코텍,701
A322780,코퍼스코리아,701
A126600,코프라,701
A200130,콜마비앤에이치,701
A038710,콜마파마,701
A031820,콤텍시스템,701
A294570,쿠콘,701
A192400,쿠쿠홀딩스,701
A284740,쿠쿠홈시스,701
A317690,퀀타매트릭스,701
A365270,큐라클,701
A060280,큐렉소,701
A015590,큐로,701
A040350,큐로컴,701
A051780,큐로홀딩스,701
A115180,큐리언트,701
A182360,큐브엔터,701
A066310,큐에스아이,701
A136660,큐엠씨,701
A016600,큐캐피탈,701
A264900,크라운제과,701
A005740,크라운해태홀딩스,701
A259960,크래프톤,701
A215570,크로넥스,701
A043590,크로바하이텍,701
A114120,크루셜텍,701
A110790,크리스에프앤씨,701
A900250,크리스탈신소재,701
A083790,크리스탈지노믹스,701
A045520,크린앤사이언스,701
A036170,클라우드에어,701
A214150,클래시스,701
A352770,클리노믹스,701
A237880,클리오,701
A139670,키네마스터,701
A020120,키다리스튜디오,701
A039490,키움증권,701
A054780,키이스트,701
A336040,타스컴,701
A219130,타이거일렉,701
A318660,타임기술,701
A180060,탑선,701
A065130,탑엔지니어링,701
A134580,탑코미디어,701
A014580,태경비케이,701
A015890,태경산업,701
A006890,태경케미컬,701
A023160,태광,701
A003240,태광산업,701
A011280,태림포장,701
A053620,태양,701
A004100,태양금속,701
A116100,태양기계,701
A009410,태영건설,701
A044490,태웅,701
A124560,태웅로직스,701
A001420,태원물산,701
A007980,태평양물산,701
A191420,테고사이언스,701
A073640,테라사이언스,701
A182690,테라셈,701
A066700,테라젠이텍스,701
A095610,테스,701
A131970,테스나,701
A055490,테이팩스,701
A308700,테크엔,701
A089030,테크윙,701
A258050,테크트랜스,701
A047730,텔라움,701
A054450,텔레칩스,701
A091440,텔레필드,701
A078000,텔코웨어,701
A200230,텔콘RF제약,701
A214420,토니모리,701
A393210,토마토시스템,701
A215480,토박스코리아,701
A051360,토비스,701
A045340,토탈소프트,701
A108230,톱텍,701
A363230,투니플레이,701
A079970,투비소프트,701
A061610,투에버,701
A199800,툴젠,701
A105550,트루윈,701
A290090,트윔,701
A026150,특수건설,701
A322180,티라유텍,701
A117730,티로보틱스,701
A072610,티맥스소프트,701
A033830,티비씨,701
A057680,티사이언티픽,701
A064760,티씨케이,701
A246710,티앤알바이오팹,701
A340570,티앤엘,701
A277880,티에스아이,701
A131290,티에스이,701
A019180,티에이치엔,701
A356860,티엘비,701
A062860,티엘아이,701
A363280,티와이홀딩스,701
A321550,티움바이오,701
A091810,티웨이항공,701
A004870,티웨이홀딩스,701
A104480,티케이케미칼,701
A309900,티티씨디펜스,701
A081150,티플랙스,701
A130740,티피씨글로벌,701
A217880,틸론,701
A084730,팅크웨어,701
A046210,파나진,701
A058530,파나케이아,701
A034230,파라다이스,701
A033540,파라텍,701
A043200,파루,701
A214450,파마리서치,701
A217950,파마리서치바이오,701
A208340,파멥신,701
A005690,파미셀,701
A177830,파버나인,701
A037070,파세코,701
A150900,파수,701
A037030,파워넷,701
A047310,파워로직스,701
A266870,파워풀엑스,701
A170790,파이오링크,701
A049120,파인디앤씨,701
A038950,파인디지털,701
A106240,파인테크닉스,701
A131760,파인텍,701
A065690,파커스,701
A140860,파크시스템스,701
A091700,파트론,701
A202960,판도라티비,701
A032800,판타지오,701
A318010,팜스빌,701
A036580,팜스코,701
A027710,팜스토리,701
A004720,팜젠사이언스,701
A225590,패션플랫폼,701
A054300,팬스타엔터프라이즈,701
A068050,팬엔터테인먼트,701
A028670,팬오션,701
A222110,팬젠,701
A010820,퍼스텍,701
A016800,퍼시스,701
A263750,펄어비스,701
A251970,펌텍코리아,701
A001020,페이퍼코리아,701
A327610,펨토바이오메드,701
A087010,펩트론,701
A090080,평화산업,701
A010770,평화홀딩스,701
A119500,포메탈,701
A022100,포스코 ICT,701
A058430,포스코강판,701
A025100,포스코건설,701
A009520,포스코엠텍,701
A047050,포스코인터내셔널,701
A003670,포스코케미칼,701
A189690,포시에스,701
A045020,포앤티,701
A318020,포인트모바일,701
A256630,포인트엔지니어링,701
A331380,포커스에이치엔에스,701
A141020,포티스,701
A041020,폴라리스오피스,701
A114630,폴라리스우노,701
A123010,폴라리스웍스,701
A007630,폴루스바이오팜,701
A290720,푸드나무,701
A005670,푸드웰,701
A094940,푸른기술,701
A007330,푸른저축은행,701
A017810,풀무원,701
A093380,풍강,701
A023900,풍국주정,701
A103140,풍산,701
A005810,풍산홀딩스,701
A371950,풍원정밀,701
A370090,퓨런티어,701
A220100,퓨쳐켐,701
A035200,프럼파스트,701
A334970,프레스티지바이오로직스,701
A950210,프레스티지바이오파마,701
A203690,프로스테믹스,701
A321260,프로이천,701
A303360,프로테옴텍,701
A053610,프로텍,701
A377220,프롬바이오,701
A335810,프리시젼바이오,701
A053160,프리엠스,701
A060910,프리젠,701
A367000,플래티어,701
A075130,플랜티넷,701
A222670,플럼라인생명과학,701
A009810,플레이그램,701
A237820,플레이디,701
A023770,플레이위드,701
A300080,플리토,701
A150440,피노텍,701
A032580,피델릭스,701
A051380,피씨디렉트,701
A241820,피씨엘,701
A237750,피앤씨테크,701
A024850,피에스엠씨,701
A319660,피에스케이,701
A031980,피에스케이홀딩스,701
A002230,피에스텍,701
A057880,피에이치씨,701
A043370,피에이치에이,701
A242350,피엔아이컴퍼니,701
A239890,피엔에이치테크,701
A347740,피엔케이피부임상연구센타,701
A137400,피엔티,701
A128660,피제이메탈,701
A006140,피제이전자,701
A084820,피케이밸브,701
A376180,피코그램,701
A304840,피플바이오,701
A062970,피피아이,701
A087600,픽셀플러스,701
A130480,핀플넷,701
A161580,필옵틱스,701
A347770,핌스,701
A163730,핑거,701
A332710,하나금융14호스팩,701
A341160,하나금융15호스팩,701
A343510,하나금융16호스팩,701
A363260,하나금융17호스팩,701
A388220,하나금융19호스팩,701
A400560,하나금융20호스팩,701
A406760,하나금융21호스팩,701
A086790,하나금융지주,701
A299030,하나기술,701
A067310,하나마이크론,701
A372290,하나머스트7호스팩,701
A166090,하나머티리얼즈,701
A293480,하나제약,701
A039130,하나투어,701
A136480,하림,701
A003380,하림지주,701
A049130,하우리,701
A149980,하이로닉,701
A013030,하이록코리아,701
A352820,하이브,701
A126700,하이비젼시스템,701
A106080,하이소닉,701
A071090,하이스틸,701
A340120,하이제5호스팩,701
A377400,하이제6호스팩,701
A400840,하이제7호스팩,701
A221840,하이즈항공,701
A106190,하이텍팜,701
A030010,하이투자증권,701
A019490,하이트론,701
A000080,하이트진로,701
A000140,하이트진로홀딩스,701
A373200,하인크코리아,701
A066130,하츠,701
A368770,한국9호스팩,701
A004590,한국가구,701
A036460,한국가스공사,701
A039340,한국경제TV,701
A005430,한국공항,701
A071050,한국금융지주,701
A034950,한국기업평가,701
A010040,한국내화,701
A025540,한국단자,701
A222980,한국맥널티,701
A331660,한국미라클피플사,701
A318000,한국바이오젠,701
A256840,한국비엔씨,701
A004090,한국석유,701
A025550,한국선재,701
A002200,한국수출포장,701
A002960,한국쉘석유,701
A017890,한국알콜,701
A000240,한국앤컴퍼니,701
A054190,한국우사회,701
A080720,한국유니온제약,701
A123890,한국자산신탁,701
A015760,한국전력,701
A063570,한국전자금융,701
A041460,한국전자인증,701
A006200,한국전자홀딩스,701
A101680,한국정밀기계,701
A039740,한국정보공학,701
A053300,한국정보인증,701
A025770,한국정보통신,701
A409570,한국제10호스팩,701
A009540,한국조선해양,701
A023350,한국종합기술,701
A025890,한국주강,701
A000970,한국주철관,701
A241140,한국지네틱바이오팜,701
A104700,한국철강,701
A017960,한국카본,701
A023760,한국캐피탈,701
A054040,한국컴퓨터,701
A050540,한국코퍼레이션,701
A161890,한국콜마,701
A024720,한국콜마홀딩스,701
A021650,한국큐빅,701
A161390,한국타이어앤테크놀로지,701
A053590,한국테크놀로지,701
A034830,한국토지신탁,701
A007280,한국특강,701
A032300,한국파마,701
A037230,한국팩키지,701
A010100,한국프랜지,701
A047810,한국항공우주,701
A123690,한국화장품,701
A003350,한국화장품제조,701
A030520,한글과컴퓨터,701
A052600,한네트,701
A011500,한농화성,701
A002390,한독,701
A256150,한독크린텍,701
A014790,한라,701
A092460,한라IMS,701
A060980,한라홀딩스,701
A053690,한미글로벌,701
A042700,한미반도체,701
A008930,한미사이언스,701
A128940,한미약품,701
A047080,한빛소프트,701
A009240,한샘,701
A020000,한섬,701
A003680,한성기업,701
A105630,한세실업,701
A069640,한세엠케이,701
A016450,한세예스24홀딩스,701
A010420,한솔PNS,701
A009180,한솔로지스틱스,701
A070590,한솔인티큐브,701
A213500,한솔제지,701
A014680,한솔케미칼,701
A004710,한솔테크닉스,701
A004150,한솔홀딩스,701
A025750,한솔홈데코,701
A226440,한송네오텍,701
A042520,한스바이오메드,701
A004960,한신공영,701
A011700,한신기계,701
A008690,한양,701
A078350,한양디지텍,701
A045100,한양이엔지,701
A001750,한양증권,701
A018880,한온시스템,701
A009420,한올바이오파마,701
A014130,한익스프레스,701
A046110,한일네트웍스,701
A024740,한일단조,701
A005860,한일사료,701
A300720,한일시멘트,701
A123840,한일진공,701
A002220,한일철강,701
A006390,한일현대시멘트,701
A003300,한일홀딩스,701
A007770,한일화학,701
A051600,한전KPS,701
A052690,한전기술,701
A130660,한전산업,701
A107640,한중엔시에스,701
A002320,한진,701
A003480,한진중공업홀딩스,701
A180640,한진칼,701
A005110,한창,701
A043090,한창바이오텍,701
A079170,한창산업,701
A009460,한창제지,701
A086960,한컴MDS,701
A372910,한컴라이프케어,701
A054920,한컴위드,701
A002680,한탑,701
A066110,한프,701
A000880,한화,701
A088350,한화생명,701
A000370,한화손해보험,701
A009830,한화솔루션,701
A272210,한화시스템,701
A012450,한화에어로스페이스,701
A003530,한화투자증권,701
A386580,한화플러스제2호스팩,701
A195870,해성디에스,701
A034810,해성산업,701
A076610,해성옵틱스,701
A059270,해성티피씨,701
A101530,해태제과식품,701
A220180,핸디소프트,701
A143210,핸즈코퍼레이션,701
A900270,헝셩그룹,701
A084990,헬릭스미스,701
A000720,현대건설,701
A267270,현대건설기계,701
A170030,현대공업,701
A005440,현대그린푸드,701
A086280,현대글로비스,701
A042670,현대두산인프라코어,701
A064350,현대로템,701
A079430,현대리바트,701
A012330,현대모비스,701
A319400,현대무벡스,701
A010620,현대미포조선,701
A048410,현대바이오,701
A052260,현대바이오랜드,701
A069960,현대백화점,701
A004560,현대비앤지스틸,701
A016790,현대사료,701
A075120,현대아산,701
A004310,현대약품,701
A322000,현대에너지솔루션,701
A041440,현대에버다임,701
A039010,현대에이치티,701
A017800,현대엘리베이,701
A307950,현대오토에버,701
A011210,현대위아,701
A090850,현대이지웰,701
A267260,현대일렉트릭,701
A004020,현대제철,701
A329180,현대중공업,701
A267250,현대중공업지주,701
A005380,현대차,701
A001500,현대차증권,701
A011760,현대코퍼레이션,701
A227840,현대코퍼레이션홀딩스,701
A126560,현대퓨처넷,701
A001450,현대해상,701
A057050,현대홈쇼핑,701
A092300,현우산업,701
A053660,현진소재,701
A138360,협진,701
A011080,형지I&C,701
A093240,형지엘리트,701
A003010,혜인,701
A111110,호전실업,701
A008770,호텔신라,701
A060560,홈센타홀딩스,701
A064240,홈캐스트,701
A039610,화성밸브,701
A002460,화성산업,701
A378850,화승알앤에이,701
A241590,화승엔터프라이즈,701
A006060,화승인더,701
A013520,화승코퍼레이션,701
A010690,화신,701
A126640,화신정공,701
A133820,화인베스틸,701
A061250,화일약품,701
A010660,화천기계,701
A000850,화천기공,701
A012670,환영철강공업,701
A016580,환인제약,701
A032560,황금에스티,701
A004800,효성,701
A094280,효성ITX,701
A097870,효성오앤비,701
A298040,효성중공업,701
A298050,효성첨단소재,701
A298020,효성티앤씨,701
A298000,효성화학,701
A093370,후성,701
A050090,휘닉스소재,701
A081660,휠라홀딩스,701
A290270,휴네시온,701
A005870,휴니드,701
A353190,휴럼,701
A090710,휴림로봇,701
A205470,휴마시스,701
A115160,휴맥스,701
A028080,휴맥스홀딩스,701
A032860,휴먼엔,701
A200670,휴메딕스,701
A212310,휴벡셀,701
A079980,휴비스,701
A065510,휴비츠,701
A215090,휴센텍,701
A046400,휴스토리,701
A005010,휴스틸,701
A243070,휴온스,701
A084110,휴온스글로벌,701
A263920,휴온스블러썸,701
A145020,휴젤,701
A069260,휴켐스,701
A036840,휴코드홀딩스,701
A024060,흥구석유,701
A010240,흥국,701
A189980,흥국에프엔비,701
A000540,흥국화재,701
A003280,흥아해운,701
A037440,희림,701
A238490,힘스,701
A094800,맵스리얼티1,751
A096300,베트남개발1,751
A152550,한국ANKOR유전,751
A168490,한국패러랠,751
A365550,ESR켄달스퀘어리츠,752
A400760,NH올원리츠,752
A338100,NH프라임리츠,752
A395400,SK리츠,752
A377190,디앤디플랫폼리츠,752
A330590,롯데리츠,752
A204210,모두투어리츠,752
A396690,미래에셋글로벌리츠,752
A357250,미래에셋맵스리츠,752
A404990,신한서부티엔디리츠,752
A293940,신한알파리츠,752
A140910,에이리츠,752
A088260,이리츠코크렙,752
A350520,이지스레지던스리츠,752
A334890,이지스밸류리츠,752
A348950,제이알글로벌리츠,752
A145270,케이탑리츠,752
A357120,코람코에너지리츠,752
A155900,바다로19호,753
A153360,하이골드3호,753
A088980,맥쿼리인프라,754
A152100,ARIRANG 200,770
A295820,ARIRANG 200동일가중,770
A253150,ARIRANG 200선물레버리지,770
A253160,ARIRANG 200선물인버스2X,770
A395750,ARIRANG ESG가치주액티브,770
A395760,ARIRANG ESG성장주액티브,770
A278420,ARIRANG ESG우수기업,770
A292750,ARIRANG KRX300,770
A309210,ARIRANG KRX300헬스케어,770
A333940,ARIRANG KS로우볼가중TR,770
A333950,ARIRANG KS로우사이즈가중TR,770
A333960,ARIRANG KS모멘텀가중TR,770
A333970,ARIRANG KS밸류가중TR,770
A333980,ARIRANG KS퀄리티가중TR,770
A269530,ARIRANG S&P글로벌인프라,770
A251590,ARIRANG 고배당저변동50,770
A161510,ARIRANG 고배당주,770
A251600,ARIRANG 고배당주채권혼합,770
A289670,ARIRANG 국채선물10년,770
A298340,ARIRANG 국채선물3년,770
A189400,ARIRANG 글로벌MSCI(합성 H),770
A419650,ARIRANG 글로벌수소&차세대연료전지MV,770
A415920,ARIRANG 글로벌희토류전략자원기업MV,770
A278620,ARIRANG 단기채권액티브,770
A269540,ARIRANG 미국S&P500(H),770
A287180,ARIRANG 미국나스닥테크,770
A213630,ARIRANG 미국다우존스고배당주(합성 H),770
A332610,ARIRANG 미국단기우량회사채,770
A332620,ARIRANG 미국장기우량회사채,770
A195970,ARIRANG 선진국MSCI(합성 H),770
A238670,ARIRANG 스마트베타Quality채권혼합,770
A195980,ARIRANG 신흥국MSCI(합성 H),770
A373530,ARIRANG 신흥국MSCI인버스(합성 H),770
A256450,ARIRANG 심천차이넥스트(합성),770
A239660,ARIRANG 우량회사채50 1년,770
A280920,ARIRANG 주도업종,770
A266550,ARIRANG 중형주저변동50,770
A301400,ARIRANG 코스닥150,770
A301410,ARIRANG 코스닥150선물인버스,770
A227830,ARIRANG 코스피,770
A122090,ARIRANG 코스피50,770
A328370,ARIRANG 코스피TR,770
A301440,ARIRANG 코스피중형주,770
A376250,ARIRANG 탄소효율그린뉴딜,770
A285690,FOCUS ESG리더스,770
A292730,FOCUS KRX300,770
A402520,FOCUS 혁신기업액티브,770
A293180,HANARO 200,770
A407310,HANARO 200 TOP10,770
A332930,HANARO 200TR,770
A304780,HANARO 200선물레버리지,770
A306520,HANARO 200선물인버스,770
A395290,HANARO Fn K-POP&미디어,770
A395280,HANARO Fn K-게임,770
A368190,HANARO Fn K-뉴딜디지털플러스,770
A402460,HANARO Fn K-메타버스MZ,770
A395270,HANARO Fn K-반도체,770
A367740,HANARO Fn5G산업,770
A407300,HANARO Fn골프테마,770
A381560,HANARO Fn전기&수소차,770
A381570,HANARO Fn친환경에너지,770
A346000,HANARO KAP초장기국고채,770
A304760,HANARO KRX300,770
A404470,HANARO KRX기후변화솔루션,770
A332940,HANARO MSCI Korea TR,770
A322400,HANARO e커머스,770
A322410,HANARO 고배당,770
A354350,HANARO 글로벌럭셔리S&P(합성),770
A401590,HANARO 글로벌탄소배출권선물ICE(합성),770
A314700,HANARO 농업융복합산업,770
A390950,HANARO 단기채권액티브,770
A304770,HANARO 코스닥150,770
A306530,HANARO 코스닥150선물레버리지,770
A375760,HANARO 탄소효율그린뉴딜,770
A215620,HK S&P코리아로우볼,770
A391670,HK 베스트일레븐액티브,770
A391680,HK 하이볼액티브,770
A148020,KBSTAR 200,770
A285000,KBSTAR 200IT,770
A361580,KBSTAR 200TR,770
A287300,KBSTAR 200건설,770
A287310,KBSTAR 200경기소비재,770
A290080,KBSTAR 200고배당커버드콜ATM,770
A284980,KBSTAR 200금융,770
A287320,KBSTAR 200산업재,770
A287330,KBSTAR 200생활소비재,770
A252400,KBSTAR 200선물레버리지,770
A252410,KBSTAR 200선물인버스,770
A252420,KBSTAR 200선물인버스2X,770
A284990,KBSTAR 200에너지화학,770
A285010,KBSTAR 200중공업,770
A285020,KBSTAR 200철강소재,770
A315480,KBSTAR 200커뮤니케이션서비스,770
A105780,KBSTAR 5대그룹주,770
A290130,KBSTAR ESG사회책임투자,770
A368200,KBSTAR Fn K-뉴딜디지털플러스,770
A367760,KBSTAR Fn5G테크,770
A367770,KBSTAR Fn수소경제테마,770
A388280,KBSTAR Fn컨택트대표,770
A326240,KBSTAR IT플러스,770
A385560,KBSTAR KIS국고채30년Enhanced,770
A385550,KBSTAR KIS단기종합채권(AA-이상)액티브,770
A385540,KBSTAR KIS종합채권(A-이상)액티브,770
A270800,KBSTAR KQ고배당,770
A292050,KBSTAR KRX300,770
A307010,KBSTAR KRX300레버리지,770
A319870,KBSTAR KRX300미국달러선물혼합,770
A403990,KBSTAR KRX기후변화솔루션,770
A234310,KBSTAR V&S셀렉트밸류,770
A241390,KBSTAR V&S셀렉트밸류채권혼합,770
A401170,KBSTAR iSelect메타버스,770
A300640,KBSTAR 게임테마,770
A266160,KBSTAR 고배당,770
A114100,KBSTAR 국고채3년,770
A282000,KBSTAR 국고채3년선물인버스,770
A295000,KBSTAR 국채선물10년,770
A295020,KBSTAR 국채선물10년인버스,770
A397420,KBSTAR 국채선물5년추종,770
A397410,KBSTAR 국채선물5년추종인버스,770
A276650,KBSTAR 글로벌4차산업IT(합성 H),770
A375270,KBSTAR 글로벌데이터센터리츠나스닥(합성),770
A411720,KBSTAR 글로벌메타버스Moorgate,770
A417450,KBSTAR 글로벌수소경제Indxx,770
A399580,KBSTAR 글로벌클린에너지S&P,770
A336160,KBSTAR 금융채액티브,770
A326230,KBSTAR 내수주플러스,770
A272560,KBSTAR 단기국공채액티브,770
A196230,KBSTAR 단기통안채,770
A315960,KBSTAR 대형고배당10TR,770
A252730,KBSTAR 모멘텀로우볼,770
A252720,KBSTAR 모멘텀밸류,770
A379780,KBSTAR 미국S&P500,770
A219390,KBSTAR 미국S&P원유생산기업(합성 H),770
A354240,KBSTAR 미국고정배당우선증권ICE TR,770
A368590,KBSTAR 미국나스닥100,770
A267440,KBSTAR 미국장기국채선물(H),770
A267490,KBSTAR 미국장기국채선물레버리지(합성 H),770
A267450,KBSTAR 미국장기국채선물인버스(H),770
A267500,KBSTAR 미국장기국채선물인버스2X(합성 H),770
A388420,KBSTAR 비메모리반도체액티브,770
A140570,KBSTAR 수출주,770
A140580,KBSTAR 우량업종,770
A379790,KBSTAR 유로스탁스50(H),770
A183710,KBSTAR 주식혼합,770
A310080,KBSTAR 중국MSCI China(H),770
A174360,KBSTAR 중국본토대형주CSI100,770
A136340,KBSTAR 중기우량회사채,770
A281990,KBSTAR 중소형고배당,770
A272570,KBSTAR 중장기국공채액티브,770
A250730,KBSTAR 차이나HSCEI(H),770
A291680,KBSTAR 차이나H선물인버스(H),770
A371150,KBSTAR 차이나항셍테크,770
A183700,KBSTAR 채권혼합,770
A270810,KBSTAR 코스닥150,770
A278240,KBSTAR 코스닥150선물레버리지,770
A275750,KBSTAR 코스닥150선물인버스,770
A302450,KBSTAR 코스피,770
A361590,KBSTAR 코스피ex200,770
A334690,KBSTAR 팔라듐선물(H),770
A334700,KBSTAR 팔라듐선물인버스(H),770
A253280,KBSTAR 헬스케어,770
A253290,KBSTAR 헬스케어채권혼합,770
A105190,KINDEX 200,770
A332500,KINDEX 200TR,770
A368470,KINDEX Fn K-뉴딜디지털플러스,770
A380340,KINDEX Fn5G플러스,770
A226380,KINDEX Fn성장소비주도주,770
A414270,KINDEX G2전기차&자율주행액티브,770
A356540,KINDEX KIS종합채권(AA-이상)액티브,770
A411060,KINDEX KRX금현물,770
A277540,KINDEX S&P아시아TOP50,770
A225130,KINDEX 골드선물 레버리지(합성 H),770
A365780,KINDEX 국고채10년,770
A114460,KINDEX 국고채3년,770
A299070,KINDEX 국채선물10년인버스,770
A299080,KINDEX 국채선물3년인버스,770
A190620,KINDEX 단기통안채,770
A265690,KINDEX 러시아MSCI(합성),770
A152500,KINDEX 레버리지,770
A291130,KINDEX 멕시코MSCI(합성),770
A342140,KINDEX 모닝스타싱가포르리츠채권혼합,770
A280320,KINDEX 미국IT인터넷S&P(합성 H),770
A360200,KINDEX 미국S&P500,770
A309230,KINDEX 미국WideMoat가치주,770
A402970,KINDEX 미국고배당S&P,770
A367380,KINDEX 미국나스닥100,770
A181480,KINDEX 미국다우존스리츠(합성 H),770
A391590,KINDEX 미국스팩&IPO INDXX,770
A391600,KINDEX 미국친환경그린테마INDXX,770
A143460,KINDEX 밸류대형,770
A245710,KINDEX 베트남VN30(합성),770
A371130,KINDEX 블룸버그베트남VN30선물레버리지(H),770
A131890,KINDEX 삼성그룹동일가중,770
A108450,KINDEX 삼성그룹섹터가중,770
A322130,KINDEX 스마트로우볼,770
A272220,KINDEX 스마트모멘텀,770
A272230,KINDEX 스마트밸류,770
A322120,KINDEX 스마트퀄리티,770
A322150,KINDEX 스마트하이베타,770
A316300,KINDEX 싱가포르리츠,770
A256440,KINDEX 인도네시아MSCI(합성),770
A145670,KINDEX 인버스,770
A238720,KINDEX 일본Nikkei225(H),770
A196030,KINDEX 일본TOPIX레버리지(H),770
A205720,KINDEX 일본TOPIX인버스(합성 H),770
A416090,KINDEX 중국과창판STAR50,770
A168580,KINDEX 중국본토CSI300,770
A219900,KINDEX 중국본토CSI300레버리지(합성),770
A272910,KINDEX 중장기국공채액티브,770
A371870,KINDEX 차이나항셍테크,770
A251890,KINDEX 코스닥(합성),770
A354500,KINDEX 코스닥150,770
A305050,KINDEX 코스피,770
A261920,KINDEX 필리핀MSCI(합성),770
A069500,KODEX 200,770
A226980,KODEX 200 중소형,770
A337160,KODEX 200ESG,770
A363580,KODEX 200IT TR,770
A278530,KODEX 200TR,770
A337150,KODEX 200exTOP,770
A223190,KODEX 200가치저변동,770
A252650,KODEX 200동일가중,770
A360140,KODEX 200롱코스닥150숏선물,770
A284430,KODEX 200미국채혼합,770
A252670,KODEX 200선물인버스2X,770
A305720,KODEX 2차전지산업,770
A271060,KODEX 3대농산물선물(H),770
A368680,KODEX Fn K-뉴딜디지털플러스,770
A395170,KODEX Fn Top10동일가중,770
A337120,KODEX Fn멀티팩터,770
A325010,KODEX Fn성장,770
A395160,KODEX Fn시스템반도체,770
A395150,KODEX Fn웹툰&드라마,770
A266370,KODEX IT,770
A401470,KODEX K-메타버스액티브,770
A385520,KODEX K-미래차액티브,770
A385510,KODEX K-신재생에너지액티브,770
A373490,KODEX K-이노베이션액티브,770
A292190,KODEX KRX300,770
A306950,KODEX KRX300레버리지,770
A404260,KODEX KRX기후변화솔루션,770
A229720,KODEX KTOP30,770
A291890,KODEX MSCI EM선물(H),770
A289040,KODEX MSCI KOREA ESG유니버설,770
A156080,KODEX MSCI Korea,770
A278540,KODEX MSCI Korea TR,770
A275280,KODEX MSCI모멘텀,770
A275290,KODEX MSCI밸류,770
A275300,KODEX MSCI퀄리티,770
A269420,KODEX S&P글로벌인프라(합성),770
A329650,KODEX TRF3070,770
A329660,KODEX TRF5050,770
A329670,KODEX TRF7030,770
A352540,KODEX TSE일본리츠(H),770
A315930,KODEX Top5PlusTR,770
A261220,KODEX WTI원유선물(H),770
A271050,KODEX WTI원유선물인버스(H),770
A117700,KODEX 건설,770
A300950,KODEX 게임산업,770
A266390,KODEX 경기소비재,770
A279530,KODEX 고배당,770
A132030,KODEX 골드선물(H),770
A280940,KODEX 골드선물인버스(H),770
A138910,KODEX 구리선물(H),770
A114260,KODEX 국고채3년,770
A152380,KODEX 국채선물10년,770
A176950,KODEX 국채선물10년인버스,770
A292770,KODEX 국채선물3년인버스,770
A276990,KODEX 글로벌4차산업로보틱스(합성),770
A102960,KODEX 기계장비,770
A352560,KODEX 다우존스미국리츠(H),770
A273140,KODEX 단기변동금리부채권액티브,770
A153130,KODEX 단기채권,770
A214980,KODEX 단기채권PLUS,770
A122630,KODEX 레버리지,770
A321410,KODEX 멀티에셋하이인컴(H),770
A244620,KODEX 모멘텀Plus,770
A314250,KODEX 미국FANG플러스(H),770
A379800,KODEX 미국S&P500TR,770
A219480,KODEX 미국S&P500선물(H),770
A276970,KODEX 미국S&P고배당커버드콜(합성 H),770
A185680,KODEX 미국S&P바이오(합성),770
A200030,KODEX 미국S&P산업재(합성),770
A218420,KODEX 미국S&P에너지(합성),770
A379810,KODEX 미국나스닥100TR,770
A409820,KODEX 미국나스닥100레버리지(합성 H),770
A304940,KODEX 미국나스닥100선물(H),770
A409810,KODEX 미국나스닥100선물인버스(H),770
A261240,KODEX 미국달러선물,770
A261250,KODEX 미국달러선물레버리지,770
A261270,KODEX 미국달러선물인버스,770
A261260,KODEX 미국달러선물인버스2X,770
A280930,KODEX 미국러셀2000(H),770
A411420,KODEX 미국메타버스나스닥액티브,770
A390390,KODEX 미국반도체MV,770
A390400,KODEX 미국스마트모빌리티S&P,770
A308620,KODEX 미국채10년선물,770
A304660,KODEX 미국채울트라30년선물(H),770
A304670,KODEX 미국채울트라30년선물인버스(H),770
A266360,KODEX 미디어&엔터테인먼트,770
A244580,KODEX 바이오,770
A091160,KODEX 반도체,770
A325020,KODEX 배당가치,770
A211900,KODEX 배당성장,770
A237370,KODEX 배당성장채권혼합,770
A244670,KODEX 밸류Plus,770
A140700,KODEX 보험,770
A102780,KODEX 삼성그룹,770
A213610,KODEX 삼성그룹밸류,770
A251350,KODEX 선진국MSCI World,770
A117460,KODEX 에너지화학,770
A140710,KODEX 운송,770
A400570,KODEX 유럽탄소배출권선물ICE(H),770
A144600,KODEX 은선물(H),770
A091170,KODEX 은행,770
A114800,KODEX 인버스,770
A101280,KODEX 일본TOPIX100,770
A091180,KODEX 자동차,770
A363570,KODEX 장기종합채권(AA-이상)액티브KAP,770
A273130,KODEX 종합채권(AA-이상)액티브,770
A102970,KODEX 증권,770
A169950,KODEX 차이나A50,770
A283580,KODEX 차이나CSI300,770
A099140,KODEX 차이나H,770
A204450,KODEX 차이나H레버리지(H),770
A415340,KODEX 차이나과창판STAR50(합성),770
A256750,KODEX 차이나심천ChiNext(합성),770
A372330,KODEX 차이나항셍테크,770
A117680,KODEX 철강,770
A279540,KODEX 최소변동성,770
A229200,KODEX 코스닥 150,770
A233740,KODEX 코스닥150 레버리지,770
A360150,KODEX 코스닥150롱코스피200숏선물,770
A251340,KODEX 코스닥150선물인버스,770
A226490,KODEX 코스피,770
A237350,KODEX 코스피100,770
A359210,KODEX 코스피TR,770
A337140,KODEX 코스피대형주,770
A138920,KODEX 콩선물(H),770
A244660,KODEX 퀄리티Plus,770
A375770,KODEX 탄소효율그린뉴딜,770
A266410,KODEX 필수소비재,770
A298770,KODEX 한국대만IT프리미어,770
A266420,KODEX 헬스케어,770
A364690,KODEX 혁신기술테마액티브,770
A069660,KOSEF 200,770
A294400,KOSEF 200TR,770
A253250,KOSEF 200선물레버리지,770
A253240,KOSEF 200선물인버스,770
A253230,KOSEF 200선물인버스2X,770
A331910,KOSEF Fn중소형,770
A100910,KOSEF KRX100,770
A104530,KOSEF 고배당,770
A148070,KOSEF 국고채10년,770
A167860,KOSEF 국고채10년레버리지,770
A114470,KOSEF 국고채3년,770
A130730,KOSEF 단기자금,770
A411860,KOSEF 독일DAX,770
A394340,KOSEF 릭소글로벌디지털경제MSCI,770
A394350,KOSEF 릭소글로벌퓨처모빌리티MSCI,770
A138230,KOSEF 미국달러선물,770
A225800,KOSEF 미국달러선물레버리지,770
A139660,KOSEF 미국달러선물인버스,770
A230480,KOSEF 미국달러선물인버스2X,770
A373790,KOSEF 미국방어배당성장나스닥,770
A104520,KOSEF 블루칩,770
A200250,KOSEF 인도Nifty50(합성),770
A316670,KOSEF 코스닥150,770
A291630,KOSEF 코스닥150선물레버리지,770
A291620,KOSEF 코스닥150선물인버스,770
A153270,KOSEF 코스피100,770
A122260,KOSEF 통안채1년,770
A168300,KTOP 코스피50,770
A407170,MASTER 스마트커머스액티브,770
A407160,MASTER 테크미디어텔레콤액티브,770
A411540,SOL 200 Top10,770
A295040,SOL 200TR,770
A363510,SOL KIS단기통안채,770
A292500,SOL KRX300,770
A404650,SOL KRX기후변화솔루션,770
A400590,SOL 글로벌탄소배출권선물IHS(합성),770
A399110,SOL 미국S&P500ESG,770
A208470,SOL 선진국MSCI World(합성 H),770
A400580,SOL 유럽탄소배출권선물S&P(H),770
A220130,SOL 중국본토 중소형 CSI500(합성 H),770
A415760,SOL 차이나육성산업액티브(합성),770
A413220,SOL 차이나태양광CSI(합성),770
A102110,TIGER 200,770
A139260,TIGER 200 IT,770
A139220,TIGER 200 건설,770
A139290,TIGER 200 경기소비재,770
A139270,TIGER 200 금융,770
A227550,TIGER 200 산업재,770
A227560,TIGER 200 생활소비재,770
A139250,TIGER 200 에너지화학,770
A139230,TIGER 200 중공업,770
A139240,TIGER 200 철강소재,770
A227540,TIGER 200 헬스케어,770
A243880,TIGER 200IT레버리지,770
A310960,TIGER 200TR,770
A252000,TIGER 200동일가중,770
A267770,TIGER 200선물레버리지,770
A252710,TIGER 200선물인버스2X,770
A243890,TIGER 200에너지화학레버리지,770
A315270,TIGER 200커뮤니케이션서비스,770
A166400,TIGER 200커버드콜5%OTM,770
A289480,TIGER 200커버드콜ATM,770
A305540,TIGER 2차전지테마,770
A365040,TIGER AI코리아그로스액티브,770
A357870,TIGER CD금리투자KIS(합성),770
A400970,TIGER Fn메타버스,770
A396500,TIGER Fn반도체TOP10,770
A377990,TIGER Fn신재생에너지,770
A417630,TIGER KEDI혁신기업ESG30,770
A341850,TIGER KIS부동산인프라채권TR,770
A364960,TIGER KRX BBIG K-뉴딜,770
A412560,TIGER KRX BBIG K-뉴딜레버리지,770
A364980,TIGER KRX2차전지K-뉴딜,770
A412570,TIGER KRX2차전지K-뉴딜레버리지,770
A292160,TIGER KRX300,770
A364990,TIGER KRX게임K-뉴딜,770
A404540,TIGER KRX기후변화솔루션,770
A364970,TIGER KRX바이오K-뉴딜,770
A365000,TIGER KRX인터넷K-뉴딜,770
A228820,TIGER KTOP30,770
A300610,TIGER K게임,770
A138530,TIGER LG그룹+펀더멘털,770
A289260,TIGER MSCI KOREA ESG리더스,770
A289250,TIGER MSCI KOREA ESG유니버설,770
A310970,TIGER MSCI Korea TR,770
A269370,TIGER S&P글로벌인프라(합성),770
A248270,TIGER S&P글로벌헬스케어(합성),770
A292150,TIGER TOP10,770
A217790,TIGER 가격조정,770
A139280,TIGER 경기방어,770
A237440,TIGER 경기방어채권혼합,770
A319640,TIGER 골드선물(H),770
A160580,TIGER 구리실물,770
A114820,TIGER 국채3년,770
A275980,TIGER 글로벌4차산업혁신기술(합성 H),770
A387270,TIGER 글로벌BBIG액티브,770
A394670,TIGER 글로벌리튬&2차전지SOLACTIVE(합성),770
A412770,TIGER 글로벌메타버스액티브,770
A276000,TIGER 글로벌자원생산기업(합성 H),770
A394660,TIGER 글로벌자율주행&전기차SOLACTIVE,770
A371450,TIGER 글로벌클라우드컴퓨팅INDXX,770
A139310,TIGER 금속선물(H),770
A139320,TIGER 금은선물(H),770
A137610,TIGER 농산물선물Enhanced(H),770
A182490,TIGER 단기선진하이일드(합성 H),770
A272580,TIGER 단기채권액티브,770
A157450,TIGER 단기통안채,770
A105010,TIGER 라틴35,770
A123320,TIGER 레버리지,770
A174350,TIGER 로우볼,770
A147970,TIGER 모멘텀,770
A182480,TIGER 미국MSCI리츠(합성 H),770
A360750,TIGER 미국S&P500,770
A225040,TIGER 미국S&P500레버리지(합성 H),770
A143850,TIGER 미국S&P500선물(H),770
A225030,TIGER 미국S&P500선물인버스(H),770
A133690,TIGER 미국나스닥100,770
A203780,TIGER 미국나스닥바이오,770
A245340,TIGER 미국다우존스30,770
A329750,TIGER 미국달러단기채권액티브,770
A261110,TIGER 미국달러선물레버리지,770
A261120,TIGER 미국달러선물인버스2X,770
A305080,TIGER 미국채10년선물,770
A381170,TIGER 미국테크TOP10 INDXX,770
A381180,TIGER 미국필라델피아반도체나스닥,770
A228810,TIGER 미디어컨텐츠,770
A091230,TIGER 반도체,770
A098560,TIGER 방송통신,770
A211560,TIGER 배당성장,770
A329200,TIGER 부동산인프라고배당,770
A138520,TIGER 삼성그룹펀더멘털,770
A157490,TIGER 소프트웨어,770
A228800,TIGER 여행레저,770
A227570,TIGER 우량가치,770
A261140,TIGER 우선주,770
A130680,TIGER 원유선물Enhanced(H),770
A217770,TIGER 원유선물인버스(H),770
A195930,TIGER 유로스탁스50(합성 H),770
A225050,TIGER 유로스탁스레버리지(합성 H),770
A245350,TIGER 유로스탁스배당30,770
A091220,TIGER 은행,770
A307510,TIGER 의료기기,770
A225060,TIGER 이머징마켓MSCI레버리지(합성 H),770
A236350,TIGER 인도니프티50레버리지(합성),770
A123310,TIGER 인버스,770
A195920,TIGER 일본TOPIX(합성 H),770
A248260,TIGER 일본TOPIX헬스케어(합성),770
A241180,TIGER 일본니케이225,770
A292560,TIGER 일본엔선물,770
A150460,TIGER 중국소비테마,770
A302190,TIGER 중장기국채,770
A157500,TIGER 증권,770
A307520,TIGER 지주회사,770
A192090,TIGER 차이나CSI300,770
A204480,TIGER 차이나CSI300레버리지(합성),770
A217780,TIGER 차이나CSI300인버스(합성),770
A245360,TIGER 차이나HSCEI,770
A414780,TIGER 차이나과창판STAR50(합성),770
A371470,TIGER 차이나바이오테크SOLACTIVE,770
A396520,TIGER 차이나반도체FACTSET,770
A371460,TIGER 차이나전기차SOLACTIVE,770
A396510,TIGER 차이나클린에너지SOLACTIVE,770
A117690,TIGER 차이나항셍25,770
A371160,TIGER 차이나항셍테크,770
A232080,TIGER 코스닥150,770
A233160,TIGER 코스닥150 레버리지,770
A261060,TIGER 코스닥150IT,770
A261070,TIGER 코스닥150바이오테크,770
A250780,TIGER 코스닥150선물인버스,770
A277630,TIGER 코스피,770
A210780,TIGER 코스피고배당,770
A277640,TIGER 코스피대형주,770
A277650,TIGER 코스피중형주,770
A376410,TIGER 탄소효율그린뉴딜,770
A387280,TIGER 퓨처모빌리티액티브,770
A143860,TIGER 헬스케어,770
A138540,TIGER 현대차그룹+펀더멘털,770
A228790,TIGER 화장품,770
A385710,TIMEFOLIO BBIG액티브,770
A385720,TIMEFOLIO Kstock액티브,770
A410870,TIMEFOLIO K컬처액티브,770
A404120,TIMEFOLIO 탄소중립액티브,770
A108590,TREX 200,770
A145850,TREX 펀더멘탈 200,770
A413930,WOORI AI ESG액티브,770
A385590,네비게이터 ESG액티브,770
A411050,네비게이터 글로벌메타버스테크액티브,770
A385600,네비게이터 친환경자동차밸류체인액티브,770
A137930,마이다스 200커버드콜5%OTM,770
A403790,마이다스 KoreaStock액티브,770
A292340,마이티 200커버드콜ATM레버리지,770
A159800,마이티 코스피100,770
A407830,에셋플러스 글로벌플랫폼액티브,770
A407820,에셋플러스 코리아플랫폼액티브,770
A152870,파워 200,770
A192720,파워 고배당저변동성,770
A176710,파워 중기국고채,770
A140950,파워 코스피100,770
Q580011,KB FnGuide 언택트 ETN,780
Q580030,KB KOSDAQ 150 선물 ETN,780
Q580028,KB KOSPI 200 선물 ETN,780
Q580013,KB KRX ESG Eco ETN,780
Q580010,KB Wise 분할매매 ETN,780
Q580025,KB 레버리지 KRX 2차전지 K-뉴딜 ETN,780
Q580024,KB 레버리지 KRX BBIG K-뉴딜 ETN,780
Q580016,KB 레버리지 S&P 500 선물 ETN(H),780
Q580032,KB 레버리지 구리 선물 ETN(H),780
Q580022,KB 레버리지 금 선물 ETN(H),780
Q580015,KB 레버리지 나스닥 100 ETN,780
Q580026,KB 레버리지 은 선물 ETN(H),780
Q580018,KB 레버리지 항셍테크 선물 ETN(H),780
Q580017,KB 인버스 2X S&P 500 선물 ETN,780
Q580033,KB 인버스 2X 구리 선물 ETN(H),780
Q580023,KB 인버스 2X 금 선물 ETN(H),780
Q580014,KB 인버스 2X 나스닥 100 ETN,780
Q580027,KB 인버스 2X 은 선물 ETN(H),780
Q580019,KB 인버스 2X 항셍테크 선물 ETN,780
Q580031,KB 인버스 KOSDAQ150 선물 ETN,780
Q580029,KB 인버스 KOSPI 200 선물 ETN,780
Q580021,KB 인버스 천연가스 선물 ETN,780
Q580020,KB 천연가스 선물 ETN(H),780
Q550060,QV S&P500 VIX S/T 선물 ETN C,780
Q550066,QV S&P500 버퍼10% 9월 ETN,780
Q550059,QV iSelect 글로벌 EMP ETN(H),780
Q550044,QV 레버리지 S&P500 ETN,780
Q550042,QV 레버리지 WTI원유 선물 ETN(H),780
Q550069,QV 레버리지 구리 선물 ETN(H),780
Q550062,QV 레버리지 금 선물 ETN(H),780
Q550064,QV 레버리지 은 선물 ETN(H),780
Q550041,QV 미국 IT TOP5 ETN(H),780
Q550045,QV 인버스 레버리지 S&P500 ETN,780
Q550043,QV 인버스 레버리지 WTI원유 선물 ETN(H),780
Q550070,QV 인버스 레버리지 구리 선물 ETN(H),780
Q550063,QV 인버스 레버리지 금 선물 ETN(H),780
Q550065,QV 인버스 레버리지 은 선물 ETN(H),780
Q550061,QV 인버스 미국 IT TOP5 ETN(H),780
Q550068,QV 코스닥 150 ETN,780
Q550067,QV 코스피 200 ETN,780
Q550057,QV 코스피 변동성 매칭형 양매도 ETN,780
Q570047,TRUE FTSE100 ETN,780
Q570074,TRUE S&P 유럽탄소배출권 선물 ETN(H),780
Q570050,TRUE S&P500 선물 ETN,780
Q570049,TRUE S&P500 양매도 4% OTM ETN(H),780
Q570071,TRUE 구리 선물 ETN,780
Q570055,TRUE 금 선물 ETN,780
Q570051,TRUE 나스닥 100 ETN,780
Q570031,TRUE 레버리지 HSCEI ETN(H),780
Q570022,TRUE 레버리지 S&P500 선물 ETN(H),780
Q570072,TRUE 레버리지 구리 선물 ETN,780
Q570059,TRUE 레버리지 금 선물 ETN,780
Q570043,TRUE 레버리지 나스닥 100 ETN,780
Q570065,TRUE 레버리지 베트남 VN30 선물 ETN(H),780
Q570054,TRUE 레버리지 유로스탁스50 ETN(H) B,780
Q570061,TRUE 레버리지 은 선물 ETN,780
Q570045,TRUE 레버리지 천연가스 선물 ETN(H),780
Q570063,TRUE 베트남 VN30 선물 ETN(H),780
Q570048,TRUE 유로스탁스50 양매도 5% OTM ETN(H),780
Q570057,TRUE 은 선물 ETN,780
Q570032,TRUE 인버스 2X HSCEI ETN(H),780
Q570023,TRUE 인버스 2X S&P500 선물 ETN(H),780
Q570073,TRUE 인버스 2X 구리 선물 ETN,780
Q570060,TRUE 인버스 2X 금 선물 ETN,780
Q570044,TRUE 인버스 2X 나스닥 100 ETN,780
Q570066,TRUE 인버스 2X 베트남 VN30 선물 ETN(H),780
Q570027,TRUE 인버스 2X 유로스탁스50 ETN(H),780
Q570062,TRUE 인버스 2X 은 선물 ETN,780
Q570046,TRUE 인버스 2X 천연가스 선물 ETN(H),780
Q570028,TRUE 인버스 HSCEI ETN(H) B,780
Q570056,TRUE 인버스 금 선물 ETN,780
Q570042,TRUE 인버스 나스닥 100 ETN,780
Q570064,TRUE 인버스 베트남 VN30 선물 ETN(H),780
Q570025,TRUE 인버스 유로스탁스50 ETN(H) B,780
Q570058,TRUE 인버스 은 선물 ETN,780
Q570053,TRUE 인버스 플래티넘 선물 ETN,780
Q570068,TRUE 코스닥 150 ETN,780
Q570067,TRUE 코스피 200 ETN,780
Q570029,TRUE 코스피 양매도 3% OTM ETN,780
Q570019,TRUE 코스피 양매도 5% OTM ETN,780
Q570052,TRUE 플래티넘 선물 ETN,780
Q510007,대신 2X 니켈선물 ETN(H),780
Q510005,대신 2X 아연선물 ETN(H),780
Q510017,대신 2X 철광석 선물 ETN(H),780
Q510001,대신 WTI원유 선물 ETN(H),780
Q510011,대신 골드 커버드콜 타겟 5%인컴 ETN(H),780
Q510003,대신 니켈선물 ETN(H),780
Q510015,대신 밀 선물 ETN(H),780
Q510002,대신 아연선물 ETN(H),780
Q510014,대신 알루미늄 선물 ETN(H),780
Q510010,대신 인버스 2X 니켈선물 ETN(H),780
Q510006,대신 인버스 니켈선물 ETN(H),780
Q510004,대신 인버스 아연선물 ETN(H),780
Q510018,대신 인버스 알루미늄 선물 ETN(H),780
Q510019,대신 인버스 천연가스 선물 ETN(H),780
Q510009,대신 인버스 철광석 선물 ETN(H),780
Q510016,대신 천연가스 선물 ETN(H),780
Q510008,대신 철광석 선물 ETN(H),780
Q610032,메리츠 CSI 300 ETN,780
Q610031,메리츠 S&P 유럽탄소배출권 선물 ETN,780
Q610030,메리츠 S&P 유럽탄소배출권 선물 ETN(H),780
Q610033,메리츠 STAR 50 ETN,780
Q610026,메리츠 구리 선물 ETN(H),780
Q610018,메리츠 국채10년 ETN,780
Q610007,메리츠 국채30년 ETN,780
Q610011,메리츠 금 선물 ETN(H),780
Q610034,메리츠 대표 농산물 선물 ETN(H),780
Q610005,메리츠 레버리지 KRX300 선물 ETN,780
Q610028,메리츠 레버리지 구리 선물 ETN(H),780
Q610019,메리츠 레버리지 국채10년 ETN,780
Q610008,메리츠 레버리지 국채30년 ETN,780
Q610012,메리츠 레버리지 금 선물 ETN(H),780
Q610035,메리츠 레버리지 대표 농산물 선물 ETN(H),780
Q610023,메리츠 레버리지 미국채10년 ETN(H),780
Q610016,메리츠 레버리지 은 선물 ETN(H),780
Q610002,메리츠 레버리지 인플레이션 국채 ETN,780
Q610003,메리츠 미국 인플레이션 국채 ETN(H),780
Q610004,메리츠 미국레버리지 인플레이션국채ETN(H),780
Q610022,메리츠 미국채10년 ETN(H),780
Q610014,메리츠 은 선물 ETN(H),780
Q610006,메리츠 인버스 2X KRX300 선물 ETN,780
Q610029,메리츠 인버스 2X 구리 선물 ETN(H),780
Q610021,메리츠 인버스 2X 국채10년 ETN,780
Q610010,메리츠 인버스 2X 국채30년 ETN,780
Q610013,메리츠 인버스 2X 금 선물 ETN(H),780
Q610036,메리츠 인버스 2X 대표 농산물 선물 ETN(H),780
Q610025,메리츠 인버스 2X 미국채10년 ETN(H),780
Q610017,메리츠 인버스 2X 은 선물 ETN(H),780
Q610027,메리츠 인버스 구리 선물 ETN(H),780
Q610020,메리츠 인버스 국채10년 ETN,780
Q610009,메리츠 인버스 국채30년 ETN,780
Q610024,메리츠 인버스 미국채10년 ETN(H),780
Q610015,메리츠 인버스 은 선물 ETN(H),780
Q610001,메리츠 인플레이션 국채 ETN,780
Q520032,미래에셋 K200 Auto-KO-P 2206-01 ETN,780
Q520045,미래에셋 K200 Auto-KO-P 2212-01 ETN,780
Q520036,미래에셋 KRX 금Auto-KO-P(참100) 2210 ETN,780
Q520035,미래에셋 KRX금 Auto-KO-C(참200) 2210 ETN,780
Q520030,미래에셋 KRX금현물 Auto-KO-C 2312-01 ETN,780
Q520013,미래에셋 Q150 Core5 ETN,780
Q520043,미래에셋 S&P 유럽탄소배출권 선물 ETN,780
Q520046,미래에셋 레버리지 옥수수 선물 ETN,780
Q520009,미래에셋 레버리지 원유선물혼합 ETN(H),780
Q520033,미래에셋 레버리지 은 선물 ETN,780
Q520014,미래에셋 미디어엔터 Core5 ETN,780
Q520006,미래에셋 에너지화학 Core5 ETN,780
Q520010,미래에셋 원유선물혼합 ETN(H),780
Q520003,미래에셋 원자재 선물 ETN(H),780
Q520047,미래에셋 인버스 2X 옥수수 선물 ETN,780
Q520034,미래에셋 인버스 2X 은 선물 ETN,780
Q520015,미래에셋 인버스 미디어엔터 Core5 ETN,780
Q520007,미래에셋 인버스 에너지화학 Core5 ETN,780
Q520011,미래에셋 인버스 원유선물혼합 ETN(H),780
Q520005,미래에셋 인버스 전기전자 Core5 ETN,780
Q520040,미래에셋 인버스 코스닥150 선물 ETN,780
Q520038,미래에셋 인버스 코스피200 선물 ETN,780
Q520004,미래에셋 전기전자 Core5 ETN,780
Q590018,미래에셋 중국 심천 100 ETN,780
Q520042,미래에셋 코스닥150 Auto-KO-P 2212-01 ETN,780
Q520039,미래에셋 코스닥150 선물 ETN,780
Q520026,미래에셋 코스피 양매도 5% OTM ETN,780
Q520037,미래에셋 코스피200 선물 ETN,780
Q530014,삼성 China A50 선물 ETN(H),780
Q530073,삼성 HSCEI ETN(H),780
Q530087,삼성 KRX 2차전지 K-뉴딜 ETN,780
Q530085,삼성 KRX BBIG K-뉴딜 ETN,780
Q530067,삼성 KRX 금현물 ETN,780
Q530072,삼성 S&P500 VIX S/T 선물 ETN(H) C,780
Q530095,삼성 구리 선물 ETN(H),780
Q530083,삼성 금 선물 ETN(H),780
Q530077,삼성 나스닥 100 ETN(H),780
Q530023,삼성 레버리지 China A50 선물 ETN(H),780
Q530075,삼성 레버리지 HSCEI ETN(H),780
Q530088,삼성 레버리지 KRX 2차전지 K-뉴딜 ETN,780
Q530086,삼성 레버리지 KRX BBIG K-뉴딜 ETN,780
Q530031,삼성 레버리지 WTI원유 선물 ETN,780
Q530063,삼성 레버리지 구리 선물 ETN(H),780
Q530055,삼성 레버리지 금 선물 ETN(H),780
Q530070,삼성 레버리지 나스닥 100 ETN(H),780
Q530061,삼성 레버리지 은 선물 ETN(H),780
Q530068,삼성 레버리지 천연가스 선물 ETN B,780
Q530081,삼성 레버리지 항셍테크 ETN(H),780
Q530020,삼성 미국 대형 가치주 ETN,780
Q530016,삼성 미국 대형 가치주 ETN(H),780
Q530019,삼성 미국 대형 성장주 ETN,780
Q530015,삼성 미국 대형 성장주 ETN(H),780
Q530089,삼성 은 선물 ETN(H),780
Q530076,삼성 인버스 2X HSCEI ETN(H),780
Q530036,삼성 인버스 2X WTI원유 선물 ETN,780
Q530064,삼성 인버스 2X 구리 선물 ETN(H),780
Q530056,삼성 인버스 2X 금 선물 ETN(H),780
Q530071,삼성 인버스 2X 나스닥 100 ETN(H),780
Q530062,삼성 인버스 2X 은 선물 ETN(H),780
Q530069,삼성 인버스 2X 천연가스 선물 ETN B,780
Q530082,삼성 인버스 2X 항셍테크 ETN(H),780
Q530002,삼성 인버스 China A50 선물 ETN(H),780
Q530074,삼성 인버스 HSCEI ETN(H),780
Q530096,삼성 인버스 구리 선물 ETN(H),780
Q530084,삼성 인버스 금 선물 ETN(H),780
Q530078,삼성 인버스 나스닥 100 ETN(H),780
Q530090,삼성 인버스 은 선물 ETN(H),780
Q530094,삼성 인버스 코스닥 150 선물 ETN,780
Q530092,삼성 인버스 코스피 200 선물 ETN,780
Q530080,삼성 인버스 항셍테크 ETN(H),780
Q530093,삼성 코스닥 150 ETN,780
Q530091,삼성 코스피 200 ETN,780
Q530060,삼성 코스피 양매도 5% OTM ETN,780
Q530066,삼성 코스피 풋매도 4% OTM ETN,780
Q530053,삼성 코스피 풋매도 ETN,780
Q530079,삼성 항셍테크 ETN(H),780
Q500059,신한 FnGuide 메타버스 ETN,780
Q500001,신한 K200 USD 선물 바이셀 ETN,780
Q500058,신한 S&P500 VIX S/T 선물 ETN C,780
Q500002,신한 USD K200 선물 바이셀 ETN,780
Q500015,신한 WTI원유 선물 ETN(H),780
Q500018,신한 구리 선물 ETN(H),780
Q500016,신한 금 선물 ETN(H),780
Q500009,신한 다우존스지수 선물 ETN(H),780
Q500011,신한 달러인덱스 선물 ETN(H),780
Q500056,신한 레버리지 Russell 2000 ETN,780
Q500050,신한 레버리지 S&P500 선물 ETN,780
Q500019,신한 레버리지 WTI원유 선물 ETN(H),780
Q500040,신한 레버리지 구리 선물 ETN,780
Q500037,신한 레버리지 금 선물 ETN,780
Q500020,신한 레버리지 다우존스지수 선물 ETN(H),780
Q500035,신한 레버리지 미국달러 선물 ETN,780
Q500029,신한 레버리지 은 선물 ETN(H),780
Q500053,신한 레버리지 천연가스 선물 ETN,780
Q500004,신한 브렌트원유 선물 ETN(H),780
Q500013,신한 옥수수 선물 ETN(H),780
Q500017,신한 은 선물 ETN(H),780
Q500057,신한 인버스 2X Russell 2000 ETN,780
Q500051,신한 인버스 2X S&P500 선물 ETN,780
Q500027,신한 인버스 2X WTI원유 선물 ETN(H),780
Q500041,신한 인버스 2X 구리 선물 ETN,780
Q500038,신한 인버스 2X 금 선물 ETN,780
Q500028,신한 인버스 2X 다우존스지수 선물 ETN(H),780
Q500036,신한 인버스 2X 미국달러 선물 ETN,780
Q500030,신한 인버스 2X 은 선물 ETN(H),780
Q500054,신한 인버스 2X 천연가스 선물 ETN,780
Q500032,신한 인버스 2X 천연가스 선물 ETN(H),780
Q500055,신한 인버스 Russell 2000 ETN,780
Q500003,신한 인버스 WTI원유 선물 ETN(H),780
Q500008,신한 인버스 구리 선물 ETN(H),780
Q500006,신한 인버스 금 선물 ETN(H),780
Q500010,신한 인버스 다우존스지수 선물 ETN(H),780
Q500012,신한 인버스 달러인덱스 선물 ETN(H),780
Q500005,신한 인버스 브렌트원유 선물 ETN(H),780
Q500014,신한 인버스 옥수수 선물 ETN(H),780
Q500007,신한 인버스 은 선물 ETN(H),780
Q500063,신한 인버스 코스닥 150 선물 ETN,780
Q500061,신한 인버스 코스피 200 선물 ETN,780
Q500024,신한 인버스 콩 선물 ETN(H),780
Q500062,신한 코스닥 150 ETN,780
Q500060,신한 코스피 200 ETN,780
Q500023,신한 콩 선물 ETN(H),780
Q700003,하나 KRX BBIG K-뉴딜 ETN,780
Q700002,하나 KRX300 ETN,780
Q700004,하나 레버리지 KRX BBIG K-뉴딜 ETN,780
Q700009,하나 레버리지 구리 선물 ETN(H),780
Q700011,하나 레버리지 옥수수 선물 ETN(H),780
Q700013,하나 레버리지 콩 선물 ETN(H),780
Q700010,하나 인버스 2X 구리 선물 ETN(H),780
Q700012,하나 인버스 2X 옥수수 선물 ETN(H),780
Q700014,하나 인버스 2X 콩 선물 ETN(H),780
Q700008,하나 인버스 코스닥150 선물 ETN,780
Q700007,하나 코스닥150 선물 ETN,780
Q700001,하나 코스피 변동성추세 추종 양매도 ETN,780
